district,school_name,middle_school_name,min_score
静安区,上海市市西中学,风华初级中学,734.50
静安区,上海市市西中学,民立中学,722.00
黄浦区,上海市上海中学,敬业初级中学,743.50
黄浦区,复旦大学附属中学,光明初级中学,748.00
黄浦区,上海市格致中学（奉贤校区）,格致初级中学,714.00
黄浦区,上海市向明中学（浦江校区）,格致初级中学,706.50
黄浦区,上海市卢湾高级中学,格致初级中学,669.00
黄浦区,上海市格致中学（奉贤校区）,大同初级中学,708.00
黄浦区,上海市向明中学（浦江校区）,大同初级中学,704.50
黄浦区,上海市卢湾高级中学,大同初级中学,674.00
黄浦区,上海市格致中学（奉贤校区）,向明初级中学,716.50
黄浦区,上海市向明中学（浦江校区）,向明初级中学,704.00
黄浦区,上海市卢湾高级中学,向明初级中学,673.00
黄浦区,上海市格致中学（奉贤校区）,外国语大学附属大境初级中学,716.50
黄浦区,上海市向明中学（浦江校区）,外国语大学附属大境初级中学,713.00
黄浦区,上海市卢湾高级中学,外国语大学附属大境初级中学,683.00
黄浦区,上海市格致中学（奉贤校区）,光明初级中学,711.50
黄浦区,上海市向明中学（浦江校区）,光明初级中学,688.50
黄浦区,上海市卢湾高级中学,光明初级中学,677.00
黄浦区,上海市格致中学（奉贤校区）,敬业初级中学,719.00
黄浦区,上海市向明中学（浦江校区）,敬业初级中学,684.00
黄浦区,上海外国语大学附属大境中学,格致初级中学,683.00
黄浦区,上海外国语大学附属大境中学,大同初级中学,680.50
黄浦区,上海外国语大学附属大境中学,向明初级中学,675.00
黄浦区,上海外国语大学附属大境中学,外国语大学附属大境初级中学,689.50
黄浦区,上海外国语大学附属大境中学,光明初级中学,677.00
黄浦区,上海外国语大学附属大境中学,敬业初级中学,696.50
黄浦区,上海市上海中学,卢湾中学,751.00
静安区,上海市育才中学,风华初级中学,712.50
静安区,上海市育才中学,民立中学,702.50
静安区,上海市育才中学,彭浦第四中学,695.50
静安区,上海市育才中学,回民中学,691.50
黄浦区,上海市格致中学（奉贤校区）,卢湾中学,716.00
黄浦区,上海市向明中学（浦江校区）,卢湾中学,711.00
黄浦区,上海市卢湾高级中学,卢湾中学,675.50
黄浦区,上海市格致中学（奉贤校区）,八初级中学,731.50
黄浦区,上海市向明中学（浦江校区）,八初级中学,694.50
黄浦区,上海外国语大学附属大境中学,卢湾中学,672.00
黄浦区,上海外国语大学附属大境中学,八初级中学,681.00
黄浦区,华东师范大学第二附属中学,尚文中学,747.00
黄浦区,上海市卢湾高级中学,八初级中学,663.00
黄浦区,上海市格致中学（奉贤校区）,尚文中学,707.00
黄浦区,上海市向明中学（浦江校区）,尚文中学,704.50
黄浦区,上海市卢湾高级中学,尚文中学,680.00
黄浦区,上海市格致中学（奉贤校区）,交通大学附属黄浦实验中学,709.00
黄浦区,上海市向明中学（浦江校区）,交通大学附属黄浦实验中学,706.00
黄浦区,上海市卢湾高级中学,交通大学附属黄浦实验中学,685.50
黄浦区,上海市格致中学（奉贤校区）,清华中学,705.00
黄浦区,上海市向明中学（浦江校区）,清华中学,692.50
黄浦区,上海市卢湾高级中学,清华中学,685.00
黄浦区,上海市格致中学（奉贤校区）,民办明珠中学,702.50
黄浦区,上海市向明中学（浦江校区）,民办明珠中学,709.50
黄浦区,上海市卢湾高级中学,民办明珠中学,675.00
黄浦区,上海市格致中学（奉贤校区）,民办立达中学,715.50
黄浦区,上海市向明中学（浦江校区）,民办立达中学,709.00
黄浦区,上海市卢湾高级中学,民办立达中学,656.00
黄浦区,上海外国语大学附属大境中学,尚文中学,697.00
黄浦区,上海外国语大学附属大境中学,交通大学附属黄浦实验中学,682.00
黄浦区,上海交通大学附属中学,交通大学附属黄浦实验中学,752.00
黄浦区,上海外国语大学附属大境中学,清华中学,678.50
黄浦区,上海外国语大学附属大境中学,民办明珠中学,688.50
黄浦区,上海外国语大学附属大境中学,民办立达中学,666.00
黄浦区,华东师范大学第二附属中学,震旦外国语中学,747.50
黄浦区,复旦大学附属中学,南中学,756.50
黄浦区,上海市向明中学（浦江校区）,震旦外国语中学,703.00
黄浦区,上海市卢湾高级中学,震旦外国语中学,691.50
黄浦区,上海市格致中学（奉贤校区）,第十中学,729.00
黄浦区,上海市向明中学（浦江校区）,第十中学,703.50
黄浦区,上海市卢湾高级中学,第十中学,677.50
黄浦区,上海市格致中学（奉贤校区）,理工大学附属储能中学,705.50
黄浦区,上海市向明中学（浦江校区）,理工大学附属储能中学,697.00
黄浦区,上海市卢湾高级中学,理工大学附属储能中学,665.50
黄浦区,上海市格致中学（奉贤校区）,金陵中学,735.50
黄浦区,上海市向明中学（浦江校区）,金陵中学,704.00
黄浦区,上海市卢湾高级中学,金陵中学,686.00
黄浦区,上海市格致中学（奉贤校区）,南中学,692.00
黄浦区,上海市向明中学（浦江校区）,南中学,666.00
黄浦区,上海市卢湾高级中学,南中学,668.00
黄浦区,上海市格致中学（奉贤校区）,音乐学附属黄浦比乐中学,699.50
黄浦区,上海市向明中学（浦江校区）,音乐学附属黄浦比乐中学,704.50
黄浦区,上海外国语大学附属大境中学,震旦外国语中学,688.50
黄浦区,上海外国语大学附属大境中学,第十中学,682.00
黄浦区,上海外国语大学附属大境中学,理工大学附属储能中学,679.50
黄浦区,上海交通大学附属中学,理工大学附属储能中学,745.00
黄浦区,上海外国语大学附属大境中学,金陵中学,676.50
黄浦区,上海外国语大学附属大境中学,南中学,684.00
黄浦区,上海外国语大学附属大境中学,音乐学附属黄浦比乐中学,677.50
徐汇区,上海市上海中学,第二初级中学,752.00
徐汇区,上海市上海中学,田林第三中学,754.00
徐汇区,上海市位育中学,位初级中学,739.50
徐汇区,上海市位育中学,第二初级中学,728.50
徐汇区,上海市位育中学,南洋模范初级中学,739.00
徐汇区,上海市位育中学,南洋初级中学,730.50
徐汇区,上海市位育中学,田林中学,735.50
徐汇区,上海市位育中学,田林第二中学,722.00
徐汇区,上海市位育中学,田林第三中学,730.00
徐汇区,复旦大学附属中学徐汇分校,位初级中学,755.00
徐汇区,复旦大学附属中学徐汇分校,第二初级中学,739.50
徐汇区,复旦大学附属中学徐汇分校,南洋模范初级中学,753.00
徐汇区,复旦大学附属中学徐汇分校,南洋初级中学,753.50
徐汇区,复旦大学附属中学徐汇分校,田林中学,754.00
徐汇区,复旦大学附属中学,田林中学,755.00
徐汇区,复旦大学附属中学徐汇分校,田林第二中学,757.50
徐汇区,华东师范大学第二附属中学,田林第二中学,670.00
徐汇区,复旦大学附属中学徐汇分校,田林第三中学,749.00
黄浦区,上海市格致中学（奉贤校区）,黄浦区学附属中山学校,707.50
黄浦区,上海市向明中学（浦江校区）,黄浦区学附属中山学校,702.50
黄浦区,上海市卢湾高级中学,黄浦区学附属中山学校,686.00
黄浦区,上海市格致中学（奉贤校区）,民办永昌学校,714.00
黄浦区,上海市向明中学（浦江校区）,民办永昌学校,689.00
黄浦区,上海市卢湾高级中学,民办永昌学校,659.00
徐汇区,上海市第二中学,位初级中学,726.50
徐汇区,上海市南洋模范中学,位初级中学,745.00
徐汇区,上海市第二中学,第二初级中学,723.50
徐汇区,上海市南洋模范中学,第二初级中学,737.50
徐汇区,上海市第二中学,南洋模范初级中学,728.50
徐汇区,上海市南洋模范中学,南洋模范初级中学,748.50
徐汇区,上海市第二中学,南洋初级中学,721.00
徐汇区,上海市南洋模范中学,南洋初级中学,746.50
徐汇区,上海市第二中学,田林中学,727.00
黄浦区,上海外国语大学附属大境中学,黄浦区学附属中山学校,682.00
黄浦区,上海外国语大学附属大境中学,民办永昌学校,672.00
徐汇区,上海师范大学附属中学,南洋模范初级中学,736.00
徐汇区,华东师范大学第二附属中学,田林第三中学,756.50
徐汇区,上海市上海中学,龙苑中学,758.00
徐汇区,上海市上海中学,徐汇区学附属实验中学,755.50
徐汇区,复旦大学附属中学徐汇分校,龙苑中学,747.00
徐汇区,上海市上海中学,园南中学,758.50
徐汇区,上海市上海中学,汾阳中学,737.00
徐汇区,上海市上海中学,紫阳中学,760.00
徐汇区,复旦大学附属中学徐汇分校,徐汇区学附属实验中学,756.00
徐汇区,上海市上海中学,康健外国语实验中学,757.50
徐汇区,上海市上海中学,世外中学,759.50
徐汇区,上海市位育中学,龙苑中学,734.50
徐汇区,复旦大学附属中学徐汇分校,徐汇区学附属实验中学南部分校,760.50
徐汇区,上海市位育中学,徐汇区学附属实验中学,735.00
徐汇区,华东师范大学第二附属中学,徐汇区学附属实验中学南部分校,751.00
徐汇区,上海市位育中学,徐汇区学附属实验中学南部分校,728.50
徐汇区,上海市位育中学,园南中学,739.00
徐汇区,复旦大学附属中学徐汇分校,园南中学,756.00
徐汇区,上海市位育中学,汾阳中学,727.00
徐汇区,上海市位育中学,梅园中学,733.00
徐汇区,上海市位育中学,紫阳中学,723.50
徐汇区,上海市位育中学,康健外国语实验中学,733.50
徐汇区,复旦大学附属中学徐汇分校,汾阳中学,722.50
徐汇区,上海市位育中学,世外中学,729.00
徐汇区,复旦大学附属中学徐汇分校,梅园中学,750.50
徐汇区,复旦大学附属中学徐汇分校,紫阳中学,757.50
徐汇区,华东师范大学第二附属中学,紫阳中学,750.50
徐汇区,复旦大学附属中学徐汇分校,康健外国语实验中学,749.00
徐汇区,复旦大学附属中学徐汇分校,世外中学,756.00
徐汇区,上海市第二中学,龙苑中学,674.00
徐汇区,上海市南洋模范中学,龙苑中学,737.00
徐汇区,上海市第二中学,徐汇区学附属实验中学,724.00
徐汇区,上海市南洋模范中学,徐汇区学附属实验中学,742.00
徐汇区,上海市第二中学,徐汇区学附属实验中学南部分校,713.00
徐汇区,上海市南洋模范中学,徐汇区学附属实验中学南部分校,729.50
徐汇区,上海市第二中学,园南中学,719.50
徐汇区,上海市南洋模范中学,园南中学,746.50
徐汇区,上海市第二中学,汾阳中学,718.50
徐汇区,上海师范大学附属中学,园南中学,726.50
徐汇区,上海师范大学附属中学,康健外国语实验中学,727.00
徐汇区,复旦大学附属中学,世外中学,759.50
徐汇区,上海市上海中学,民办华中学,757.50
徐汇区,上海市上海中学,徐汇中学,750.50
徐汇区,复旦大学附属中学徐汇分校,民办华中学,755.50
徐汇区,上海市上海中学,第四中学,754.50
徐汇区,上海市上海中学,零陵中学,728.50
徐汇区,上海市上海中学,西南位中学,754.00
徐汇区,复旦大学附属中学徐汇分校,中国中学,751.00
徐汇区,上海市位育中学,民办华中学,730.50
徐汇区,上海市位育中学,中国中学,737.50
徐汇区,上海市位育中学,第五十四中学,718.50
徐汇区,上海市位育中学,徐汇中学,733.50
徐汇区,复旦大学附属中学徐汇分校,第五十四中学,751.50
徐汇区,上海市位育中学,徐汇南校,733.00
徐汇区,上海市位育中学,第四中学,731.50
徐汇区,上海市位育中学,零陵中学,727.50
徐汇区,上海市位育中学,华东理工大学附属中学,735.00
徐汇区,复旦大学附属中学徐汇分校,徐汇中学,751.50
徐汇区,上海市位育中学,西南位中学,726.00
徐汇区,复旦大学附属中学徐汇分校,徐汇南校,752.00
徐汇区,复旦大学附属中学徐汇分校,第四中学,756.50
徐汇区,复旦大学附属中学,第四中学,756.00
徐汇区,复旦大学附属中学徐汇分校,零陵中学,731.00
徐汇区,复旦大学附属中学徐汇分校,华东理工大学附属中学,758.00
徐汇区,复旦大学附属中学徐汇分校,西南位中学,749.00
徐汇区,上海市第二中学,民办华中学,713.00
徐汇区,上海市南洋模范中学,民办华中学,744.00
徐汇区,上海市第二中学,中国中学,722.00
徐汇区,上海市南洋模范中学,中国中学,742.00
徐汇区,上海市第二中学,第五十四中学,718.50
徐汇区,上海市南洋模范中学,第五十四中学,727.00
徐汇区,上海市第二中学,徐汇中学,725.00
徐汇区,上海市南洋模范中学,徐汇中学,742.00
徐汇区,上海市第二中学,徐汇南校,716.50
徐汇区,上海师范大学附属中学,中国中学,727.00
徐汇区,上海交通大学附属中学,第五十四中学,726.00
徐汇区,上海交通大学附属中学,徐汇中学,735.50
徐汇区,上海交通大学附属中学,徐汇南校,759.50
徐汇区,上海师范大学附属中学,第四中学,725.50
徐汇区,上海师范大学附属中学,西南位中学,705.50
徐汇区,上海市上海中学,西南模范中学,759.50
徐汇区,复旦大学附属中学徐汇分校,西南模范中学,753.50
徐汇区,上海市上海中学,民办位中学,759.50
徐汇区,复旦大学附属中学,西南模范中学,759.00
徐汇区,上海市上海中学,位实验学校,753.50
徐汇区,上海市上海中学,师范大学第三附属实验学校,757.50
徐汇区,复旦大学附属中学徐汇分校,民办位中学,757.50
长宁区,上海市上海中学,延安实验初级中学,745.00
长宁区,上海市上海中学,复旦初级中学,747.00
徐汇区,上海市位育中学,西南模范中学,737.50
徐汇区,复旦大学附属中学徐汇分校,民办南模中学,757.50
徐汇区,上海市位育中学,民办位中学,732.50
徐汇区,上海市位育中学,民办南模中学,736.50
徐汇区,上海市位育中学,位实验学校,734.00
徐汇区,上海市位育中学,徐汇区汇实验学校,735.00
徐汇区,复旦大学附属中学徐汇分校,位实验学校,751.50
徐汇区,上海市位育中学,师范大学第三附属实验学校,734.00
徐汇区,复旦大学附属中学徐汇分校,徐汇区汇实验学校,741.00
徐汇区,复旦大学附属中学徐汇分校,师范大学第三附属实验学校,750.00
徐汇区,上海市南洋模范中学,西南模范中学,745.00
徐汇区,上海市第二中学,民办位中学,723.50
徐汇区,上海市南洋模范中学,民办位中学,747.50
徐汇区,上海市第二中学,民办南模中学,727.00
徐汇区,上海市南洋模范中学,民办南模中学,752.00
徐汇区,上海市第二中学,位实验学校,719.50
徐汇区,上海市南洋模范中学,位实验学校,745.50
徐汇区,上海市第二中学,徐汇区汇实验学校,698.50
徐汇区,上海市南洋模范中学,徐汇区汇实验学校,731.50
徐汇区,上海市第二中学,师范大学第三附属实验学校,725.50
徐汇区,上海市南洋模范中学,师范大学第三附属实验学校,740.50
长宁区,上海市第三女子中学,第三女子初级中学,702.50
长宁区,上海市第三女子中学,天山第二中学,693.00
长宁区,上海市第三女子中学,姚连生中学,692.50
长宁区,上海市第三女子中学,天山初级中学,695.00
长宁区,上海市第三女子中学,虹桥中学,666.50
长宁区,上海市第三女子中学,延安实验初级中学,695.00
徐汇区,上海交通大学附属中学,民办南模中学,756.50
徐汇区,上海交通大学附属中学,徐汇区汇实验学校,754.00
长宁区,复旦大学附属中学,复旦初级中学,754.50
静安区,上海市市北中学,西初级中学,718.00
静安区,上海市市北中学,才初级中学,727.00
静安区,上海市市北中学,静安区协和双语培明学校,712.50
静安区,上海市市西中学,西初级中学,737.50
静安区,上海市市西中学,才初级中学,736.50
静安区,上海市市西中学,静安区协和双语培明学校,738.50
静安区,上海市育才中学,西初级中学,717.50
静安区,上海市育才中学,才初级中学,715.00
静安区,上海市育才中学,静安区协和双语培明学校,692.00
长宁区,复旦大学附属中学,民办新世纪中学,746.00
长宁区,华东师范大学第二附属中学,西郊学校,733.00
长宁区,华东师范大学第二附属中学,华东政法大学附属中学,751.50
长宁区,上海市第三女子中学,泸定中学,694.50
长宁区,上海市第三女子中学,娄山中学,701.00
长宁区,上海市第三女子中学,西延安中学,693.50
长宁区,上海市第三女子中学,新泾中学,694.50
长宁区,上海市第三女子中学,民办新世纪中学,689.50
长宁区,上海市第三女子中学,延安初级中学,695.00
长宁区,上海市第三女子中学,建青实验学校,681.00
长宁区,上海市第三女子中学,华东政法大学附属中学,697.50
长宁区,上海市第三女子中学,仙霞高级中学,702.50
长宁区,上海市第三女子中学,开元学校,682.50
静安区,上海市新中高级中学,西初级中学,705.50
静安区,上海市第六十中学,西初级中学,659.50
静安区,上海市华东模范中学,西初级中学,667.00
静安区,上海市新中高级中学,才初级中学,705.50
静安区,上海市第六十中学,才初级中学,670.00
静安区,上海市华东模范中学,才初级中学,664.00
静安区,上海市新中高级中学,静安区协和双语培明学校,699.50
长宁区,上海师范大学附属中学,泸定中学,724.50
长宁区,上海交通大学附属中学,娄山中学,753.50
长宁区,上海交通大学附属中学,延安初级中学,758.00
静安区,上海市市北中学,时代中学,712.00
静安区,华东师范大学第二附属中学,静安区协和双语培明学校,752.00
静安区,上海市市北中学,五四中学,699.50
静安区,上海市市北中学,民办外静安外国语中学,723.00
静安区,上海市市北中学,静安区北初级中学北校,718.50
静安区,复旦大学附属中学,时代中学,751.00
静安区,上海市市北中学,新中初级中学,722.00
静安区,上海市市北中学,静安区实验中学,716.50
静安区,上海市市北中学,朝阳中学,688.00
静安区,上海市市北中学,北初级中学,724.50
静安区,上海市市西中学,时代中学,739.50
静安区,上海市市西中学,五四中学,731.00
静安区,上海市市西中学,民办外静安外国语中学,729.50
静安区,上海市市西中学,静安区北初级中学北校,725.00
静安区,上海市市西中学,新中初级中学,731.50
静安区,上海市市西中学,静安区实验中学,724.00
静安区,上海市市西中学,北初级中学,731.00
静安区,上海市育才中学,时代中学,719.00
静安区,上海市育才中学,五四中学,703.50
静安区,上海市育才中学,民办外静安外国语中学,716.50
静安区,上海市育才中学,静安区北初级中学北校,710.50
静安区,上海市育才中学,新中初级中学,706.50
静安区,上海市育才中学,静安区实验中学,701.50
静安区,上海市育才中学,朝阳中学,724.50
静安区,上海市育才中学,北初级中学,710.00
静安区,复旦大学附属中学,静安区实验中学,668.50
静安区,华东师范大学第二附属中学,北初级中学,750.00
静安区,上海市华东模范中学,静安区协和双语培明学校,676.50
静安区,上海市新中高级中学,时代中学,704.50
静安区,上海市第六十中学,时代中学,665.00
静安区,上海市华东模范中学,时代中学,693.50
静安区,上海市新中高级中学,五四中学,707.50
静安区,上海市第六十中学,五四中学,670.00
静安区,上海市华东模范中学,五四中学,659.50
静安区,上海交通大学附属中学,朝阳中学,742.50
静安区,上海市市北中学,风华初级中学,725.00
静安区,上海市市北中学,彭浦初级中学,724.00
静安区,上海市市北中学,外国语大学苏河湾实验中学,714.00
静安区,上海市市北中学,青云中学,721.50
静安区,上海市市北中学,岭南中学,714.50
静安区,上海市市北中学,保德中学,714.50
静安区,上海市市北中学,彭浦第三中学,725.00
静安区,上海市市北中学,彭浦第四中学,706.50
静安区,华东师范大学第二附属中学,彭浦初级中学,746.50
静安区,上海市市北中学,回民中学,709.50
静安区,上海市市西中学,彭浦初级中学,737.00
静安区,上海市市西中学,外国语大学苏河湾实验中学,726.00
静安区,华东师范大学第二附属中学,外国语大学苏河湾实验中学,750.50
静安区,上海市市西中学,青云中学,730.00
静安区,上海市市西中学,岭南中学,735.00
静安区,上海市市西中学,保德中学,714.50
静安区,上海市市西中学,彭浦第三中学,736.00
静安区,上海市市西中学,彭浦第四中学,723.00
静安区,上海市市西中学,回民中学,717.00
静安区,上海市育才中学,彭浦初级中学,716.00
静安区,上海市育才中学,外国语大学苏河湾实验中学,698.00
静安区,上海市育才中学,青云中学,708.50
静安区,上海市育才中学,岭南中学,698.00
静安区,上海市育才中学,保德中学,692.00
静安区,上海市育才中学,彭浦第三中学,715.50
静安区,上海市华东模范中学,北初级中学,661.00
静安区,上海市新中高级中学,风华初级中学,712.50
静安区,上海市第六十中学,风华初级中学,672.00
静安区,上海市华东模范中学,风华初级中学,663.50
静安区,上海市新中高级中学,彭浦初级中学,710.50
静安区,上海市第六十中学,彭浦初级中学,655.50
静安区,上海市华东模范中学,彭浦初级中学,660.50
静安区,上海交通大学附属中学,青云中学,752.50
静安区,上海市市北中学,民立中学,711.00
静安区,上海市市北中学,第一中学,702.50
静安区,上海市市北中学,久隆模范中学,715.50
静安区,上海市市北中学,闸北第八中学,719.50
静安区,上海市市北中学,华东模范中学,697.50
静安区,上海市市北中学,同济大学附属七一中学,725.00
静安区,复旦大学附属中学,第一中学,757.50
静安区,上海市市北中学,向东中学,705.00
静安区,上海市市北中学,田家炳中学,724.00
静安区,上海市市北中学,民办扬波中学,723.50
静安区,上海市市西中学,第一中学,733.50
静安区,上海市市西中学,久隆模范中学,723.50
静安区,上海市市西中学,闸北第八中学,725.00
静安区,上海市市西中学,华东模范中学,716.50
静安区,上海市市西中学,同济大学附属七一中学,741.50
静安区,上海市市西中学,向东中学,720.50
静安区,上海市市西中学,田家炳中学,734.50
静安区,上海市市西中学,民办扬波中学,731.50
静安区,上海市上海中学,民办扬波中学,745.00
静安区,上海市育才中学,第一中学,707.50
静安区,上海市育才中学,久隆模范中学,706.50
静安区,上海市育才中学,闸北第八中学,702.50
静安区,上海市育才中学,华东模范中学,696.50
静安区,上海市育才中学,同济大学附属七一中学,714.50
静安区,上海市育才中学,向东中学,699.00
静安区,上海市育才中学,田家炳中学,722.00
静安区,上海市育才中学,民办扬波中学,705.00
静安区,复旦大学附属中学,向东中学,713.00
静安区,上海市新中高级中学,外国语大学苏河湾实验中学,695.50
静安区,上海市第六十中学,外国语大学苏河湾实验中学,673.50
静安区,上海市华东模范中学,外国语大学苏河湾实验中学,661.50
静安区,上海市新中高级中学,青云中学,711.50
静安区,上海市第六十中学,第一中学,667.00
静安区,上海交通大学附属中学,华东模范中学,730.00
静安区,上海交通大学附属中学,同济大学附属七一中学,745.50
静安区,上海市市北中学,民办新和中学,712.50
静安区,上海市市北中学,民办风范中学,729.00
静安区,上海市市北中学,爱国学校,712.00
静安区,上海市市北中学,静安区学附属学校,726.00
静安区,上海市市北中学,华灵学校,712.00
静安区,复旦大学附属中学,民办新和中学,723.00
静安区,上海市市北中学,三泉学校,687.00
静安区,上海市市北中学,戏剧学附属静安学校,700.00
静安区,上海市市北中学,静安区大宁国际学校,717.50
静安区,上海市市西中学,民办新和中学,714.50
静安区,上海市市西中学,民办风范中学,730.50
静安区,上海市市西中学,爱国学校,722.50
静安区,上海市市西中学,静安区学附属学校,733.00
静安区,上海市市西中学,华灵学校,725.50
静安区,上海市市西中学,三泉学校,686.50
静安区,上海市市西中学,戏剧学附属静安学校,742.50
静安区,复旦大学附属中学,静安区学附属学校,748.50
静安区,上海市市西中学,静安区大宁国际学校,731.50
静安区,上海市育才中学,民办新和中学,701.50
静安区,上海市育才中学,民办风范中学,718.50
静安区,上海市育才中学,爱国学校,690.50
静安区,上海市育才中学,静安区学附属学校,719.00
静安区,上海市育才中学,华灵学校,707.00
静安区,上海市育才中学,三泉学校,698.00
静安区,上海市育才中学,戏剧学附属静安学校,694.00
静安区,上海市育才中学,静安区大宁国际学校,710.50
静安区,上海市第六十中学,青云中学,683.50
静安区,上海市华东模范中学,青云中学,668.50
静安区,上海市新中高级中学,岭南中学,706.50
静安区,上海市第六十中学,岭南中学,668.50
静安区,上海交通大学附属中学,民办风范中学,731.00
静安区,上海交通大学附属中学,华灵学校,703.00
静安区,上海交通大学附属中学,静安区大宁国际学校,750.00
普陀区,华东师范大学第二附属中学（普陀校区）,洵阳中学,750.00
普陀区,上海市上海中学,真北中学,762.50
普陀区,上海市上海中学,兰田中学,748.50
普陀区,华东师范大学第二附属中学（普陀校区）,北中学,753.00
普陀区,华东师范大学第二附属中学（普陀校区）,延河中学,739.00
普陀区,华东师范大学第二附属中学（普陀校区）,曹杨第二中学附属实验中学,752.50
普陀区,华东师范大学第二附属中学（普陀校区）,华东师范大学第四附属中学,757.00
普陀区,华东师范大学第二附属中学（普陀校区）,怒江中学,749.50
普陀区,华东师范大学第二附属中学（普陀校区）,师范大学附属第二实验学校,748.50
普陀区,华东师范大学第二附属中学（普陀校区）,真北中学,757.00
普陀区,华东师范大学第二附属中学（普陀校区）,普陀区学附属中学,748.00
普陀区,华东师范大学第二附属中学（普陀校区）,梅陇中学,757.00
普陀区,华东师范大学第二附属中学,梅陇中学,762.50
普陀区,华东师范大学第二附属中学（普陀校区）,兰田中学,744.00
普陀区,华东师范大学第二附属中学（普陀校区）,普陀区梅陇实验中学,756.50
普陀区,复旦大学附属中学,普陀区梅陇实验中学,761.50
普陀区,华东师范大学第二附属中学（普陀校区）,曹杨中学,751.00
静安区,上海市新中高级中学,保德中学,697.00
静安区,上海市第六十中学,保德中学,671.50
静安区,上海市华东模范中学,保德中学,661.00
静安区,上海市新中高级中学,彭浦第三中学,709.00
静安区,上海市第六十中学,彭浦第三中学,675.50
静安区,上海市华东模范中学,彭浦第三中学,663.00
静安区,上海市新中高级中学,彭浦第四中学,694.50
静安区,上海市第六十中学,彭浦第四中学,685.50
静安区,上海市华东模范中学,彭浦第四中学,683.00
静安区,上海市新中高级中学,回民中学,701.00
静安区,上海市新中高级中学,民立中学,694.50
静安区,上海市华东模范中学,民立中学,665.50
普陀区,上海交通大学附属中学,北中学,753.50
普陀区,华东师范大学第二附属中学（普陀校区）,同济大学第二附属中学,749.50
普陀区,复旦大学附属中学,同济大学第二附属中学,759.00
普陀区,华东师范大学第二附属中学（普陀校区）,甘泉外国语中学,705.00
普陀区,华东师范大学第二附属中学（普陀校区）,新杨中学,744.50
普陀区,华东师范大学第二附属中学（普陀校区）,长征中学,752.00
普陀区,华东师范大学第二附属中学（普陀校区）,桃浦中学,749.00
普陀区,华东师范大学第二附属中学（普陀校区）,晋元高级中学附属学校南校,734.00
普陀区,华东师范大学第二附属中学,晋元高级中学附属学校南校,745.50
普陀区,华东师范大学第二附属中学（普陀校区）,音乐学附属安师实验中学,720.00
普陀区,华东师范大学第二附属中学（普陀校区）,华东师范大学附属进华中学,756.00
普陀区,华东师范大学第二附属中学（普陀校区）,安生学校,736.50
普陀区,华东师范大学第二附属中学（普陀校区）,培佳双语学校,753.50
普陀区,复旦大学附属中学,培佳双语学校,759.00
普陀区,华东师范大学第二附属中学（普陀校区）,铜川学校,740.50
静安区,上海市新中高级中学,第一中学,701.50
普陀区,华东师范大学第二附属中学（普陀校区）,沙田学校,759.00
静安区,上海市华东模范中学,第一中学,670.50
静安区,上海市新中高级中学,久隆模范中学,701.50
静安区,上海市第六十中学,久隆模范中学,665.50
静安区,上海市华东模范中学,久隆模范中学,658.00
静安区,上海市新中高级中学,闸北第八中学,700.50
静安区,上海市第六十中学,闸北第八中学,677.50
静安区,上海市华东模范中学,闸北第八中学,668.50
静安区,上海市新中高级中学,华东模范中学,691.50
静安区,上海市第六十中学,华东模范中学,666.00
普陀区,上海交通大学附属中学,新杨中学,752.50
普陀区,上海交通大学附属中学,长征中学,748.50
普陀区,上海交通大学附属中学,音乐学附属安师实验中学,740.00
普陀区,上海交通大学附属中学,华东师范大学附属进华中学,761.00
普陀区,上海市上海中学,民办新黄浦实验学校,755.50
普陀区,华东师范大学第二附属中学（普陀校区）,华东师范大学附属外国语实验学校,761.50
普陀区,华东师范大学第二附属中学（普陀校区）,子长学校,737.50
普陀区,华东师范大学第二附属中学（普陀校区）,洛川学校,745.00
普陀区,华东师范大学第二附属中学（普陀校区）,宜川中学附属学校,755.50
普陀区,华东师范大学第二附属中学（普陀校区）,曹杨中学附属学校,752.50
普陀区,华东师范大学第二附属中学（普陀校区）,普陀区学附属学校,719.50
普陀区,华东师范大学第二附属中学（普陀校区）,晋元高级中学附属学校,753.00
普陀区,复旦大学附属中学,晋元高级中学附属学校,761.00
普陀区,华东师范大学第二附属中学（普陀校区）,曹杨第二中学附属学校,752.50
普陀区,华东师范大学第二附属中学（普陀校区）,民办新黄浦实验学校,755.00
普陀区,华东师范大学第二附属中学（普陀校区）,江宁学校,752.00
普陀区,华东师范大学第二附属中学（普陀校区）,中远实验学校,749.50
普陀区,华东师范大学第二附属中学（普陀校区）,金鼎学校,722.50
静安区,上海市华东模范中学,华东模范中学,685.50
静安区,上海市新中高级中学,同济大学附属七一中学,708.50
静安区,上海市第六十中学,同济大学附属七一中学,667.00
静安区,上海市华东模范中学,同济大学附属七一中学,671.00
静安区,上海市新中高级中学,向东中学,692.00
静安区,上海市第六十中学,向东中学,681.00
静安区,上海市华东模范中学,向东中学,677.50
静安区,上海市新中高级中学,田家炳中学,714.50
静安区,上海市第六十中学,田家炳中学,675.50
静安区,上海市华东模范中学,田家炳中学,666.00
静安区,上海市新中高级中学,民办扬波中学,705.00
静安区,上海市第六十中学,民办扬波中学,686.00
普陀区,上海交通大学附属中学,子长学校,749.50
普陀区,上海师范大学附属中学,中远实验学校,709.50
普陀区,华东师范大学第二附属中学（普陀校区）,外国语大学尚阳外国语学校,746.00
普陀区,华东师范大学第二附属中学（普陀校区）,文达学校,749.00
普陀区,华东师范大学第二附属中学（普陀校区）,理工大学附属普陀实验学校,748.50
普陀区,华东师范大学第二附属中学（普陀校区）,万里城实验学校,756.50
虹口区,复旦大学附属复兴中学,钟山初级中学,733.00
虹口区,华东师范大学第一附属中学,钟山初级中学,715.50
虹口区,复旦大学附属复兴中学,江湾初级中学,735.50
虹口区,华东师范大学第一附属中学,江湾初级中学,724.00
虹口区,复旦大学附属复兴中学,复兴实验中学,734.00
虹口区,华东师范大学第一附属中学,复兴实验中学,714.50
虹口区,复旦大学附属复兴中学,虹口区学实验中学,727.50
虹口区,华东师范大学第一附属中学,虹口区学实验中学,706.50
虹口区,复旦大学附属复兴中学,曲阳第二中学,730.50
虹口区,华东师范大学第一附属中学,曲阳第二中学,717.50
虹口区,复旦大学附属复兴中学,音乐学虹口区实验中学,733.50
虹口区,华东师范大学第一附属中学,音乐学虹口区实验中学,703.50
虹口区,复旦大学附属复兴中学,南中学,717.00
虹口区,华东师范大学第一附属中学,南中学,723.50
虹口区,华东师范大学第二附属中学,南中学,736.00
虹口区,复旦大学附属复兴中学,丰镇中学,726.50
虹口区,华东师范大学第一附属中学,丰镇中学,710.00
虹口区,复旦大学附属复兴中学,鲁迅初级中学,730.50
虹口区,华东师范大学第一附属中学,鲁迅初级中学,716.00
虹口区,复旦大学附属复兴中学,继光初级中学,687.00
虹口区,华东师范大学第一附属中学,继光初级中学,711.00
虹口区,复旦大学附属复兴中学,华东师范大学第一附属初级中学,739.00
虹口区,华东师范大学第一附属中学,华东师范大学第一附属初级中学,716.50
虹口区,复旦大学附属复兴中学,民办新复兴初级中学,738.00
静安区,上海市华东模范中学,民办扬波中学,659.50
静安区,上海市新中高级中学,民办新和中学,693.50
静安区,上海市第六十中学,民办新和中学,680.00
静安区,上海市华东模范中学,民办新和中学,657.50
虹口区,上海财经大学附属北郊高级中学,钟山初级中学,703.00
虹口区,上海财经大学附属北郊高级中学,江湾初级中学,709.00
虹口区,上海交通大学附属中学,江湾初级中学,751.00
虹口区,上海财经大学附属北郊高级中学,复兴实验中学,703.50
虹口区,上海财经大学附属北郊高级中学,虹口区学实验中学,704.00
虹口区,华东师范大学第一附属中学,民办新复兴初级中学,715.50
虹口区,上海市上海中学,民办新华初级中学,752.50
虹口区,复旦大学附属中学,民办新复兴初级中学,754.50
虹口区,复旦大学附属复兴中学,民办新华初级中学,738.00
虹口区,华东师范大学第一附属中学,民办新华初级中学,720.00
虹口区,上海市上海中学,外国语大学第一实验学校,749.00
虹口区,复旦大学附属复兴中学,民办新北郊初级中学,737.00
虹口区,华东师范大学第一附属中学,民办新北郊初级中学,718.50
虹口区,华东师范大学第二附属中学,民办新北郊初级中学,753.00
虹口区,复旦大学附属复兴中学,第五十二中学,734.50
虹口区,华东师范大学第一附属中学,第五十二中学,710.00
虹口区,复旦大学附属复兴中学,师范大学附属虹口中学,734.00
虹口区,华东师范大学第一附属中学,师范大学附属虹口中学,720.00
虹口区,复旦大学附属中学,师范大学附属虹口中学,740.50
虹口区,复旦大学附属复兴中学,同济大学附属澄衷中学,707.00
虹口区,华东师范大学第一附属中学,同济大学附属澄衷中学,691.50
虹口区,复旦大学附属中学,同济大学附属澄衷中学,739.50
虹口区,复旦大学附属复兴中学,民办迅行中学,732.00
虹口区,华东师范大学第一附属中学,民办迅行中学,722.50
虹口区,复旦大学附属复兴中学,外国语大学第一实验学校,735.00
虹口区,华东师范大学第一附属中学,外国语大学第一实验学校,719.00
虹口区,复旦大学附属复兴中学,北郊学校,732.00
虹口区,华东师范大学第一附属中学,北郊学校,715.50
虹口区,复旦大学附属复兴中学,长青学校,726.50
虹口区,华东师范大学第一附属中学,长青学校,719.50
虹口区,复旦大学附属复兴中学,虹口实验学校,734.00
虹口区,华东师范大学第一附属中学,虹口实验学校,718.00
虹口区,复旦大学附属复兴中学,世外附属虹口区欧阳学校,730.00
虹口区,华东师范大学第一附属中学,世外附属虹口区欧阳学校,714.00
杨浦区,同济大学第一附属中学,铁岭中学,711.00
杨浦区,同济大学第一附属中学,鞍山初级中学,711.50
静安区,上海市新中高级中学,民办风范中学,708.50
静安区,上海市第六十中学,民办风范中学,683.00
虹口区,上海财经大学附属北郊高级中学,民办新复兴初级中学,703.50
虹口区,上海财经大学附属北郊高级中学,民办新华初级中学,696.50
虹口区,上海财经大学附属北郊高级中学,民办新北郊初级中学,702.00
杨浦区,同济大学第一附属中学,十五中学,718.00
杨浦区,复旦大学附属中学,杨浦初级中学,747.50
杨浦区,同济大学第一附属中学,杨浦初级中学,716.00
杨浦区,复旦大学附属中学,惠民中学,750.50
杨浦区,同济大学第一附属中学,惠民中学,708.50
杨浦区,同济大学第一附属中学,辽阳中学,717.50
杨浦区,同济大学第一附属中学,新大桥中学,714.50
杨浦区,同济大学第一附属中学,建设初级中学,714.50
杨浦区,同济大学第一附属中学,东辽阳中学,725.00
杨浦区,同济大学第一附属中学,二十五中学,714.50
杨浦区,同济大学第一附属中学,理工大学附属初级中学,706.50
杨浦区,华东师范大学第二附属中学,理工大学附属初级中学,738.50
杨浦区,复旦大学附属中学,杨浦区学附属中学,724.50
杨浦区,同济大学第一附属中学,杨浦区学附属中学,714.50
杨浦区,同济大学第一附属中学,同济初级中学,713.00
杨浦区,华东师范大学第二附属中学,同济初级中学,751.50
杨浦区,同济大学第一附属中学,三门中学(财经大学附属初级中学）,719.00
杨浦区,同济大学第一附属中学,包头中学,703.50
杨浦区,同济大学第一附属中学,思源中学,711.50
杨浦区,同济大学第一附属中学,鞍山实验中学,720.00
杨浦区,复旦大学附属中学,同济第二初级中学,755.50
杨浦区,同济大学第一附属中学,同济第二初级中学,708.50
静安区,上海市新中高级中学,爱国学校,692.50
静安区,上海市第六十中学,爱国学校,681.00
静安区,上海市华东模范中学,爱国学校,664.00
静安区,上海市新中高级中学,静安区学附属学校,711.50
静安区,上海市华东模范中学,静安区学附属学校,661.00
静安区,上海市新中高级中学,华灵学校,710.50
静安区,上海市第六十中学,华灵学校,669.00
静安区,上海市华东模范中学,华灵学校,658.50
静安区,上海市新中高级中学,三泉学校,687.50
静安区,上海市第六十中学,三泉学校,671.50
静安区,上海市华东模范中学,三泉学校,658.50
静安区,上海市新中高级中学,戏剧学附属静安学校,669.00
静安区,上海市华东模范中学,戏剧学附属静安学校,657.50
静安区,上海市新中高级中学,静安区大宁国际学校,708.00
杨浦区,上海交通大学附属中学,十五中学,759.00
杨浦区,上海交通大学附属中学,辽阳中学,754.00
杨浦区,上海交通大学附属中学,三门中学(财经大学附属初级中学）,756.00
杨浦区,上海交通大学附属中学,思源中学,759.50
杨浦区,复旦大学附属中学,国和中学,759.50
杨浦区,同济大学第一附属中学,国和中学,713.50
杨浦区,上海市上海中学,控江初级中学,753.50
杨浦区,上海市上海中学,音乐学实验学校,760.00
杨浦区,复旦大学附属中学,理工大学附属实验初级中学,750.00
杨浦区,同济大学第一附属中学,理工大学附属实验初级中学,716.00
杨浦区,同济大学第一附属中学,控江初级中学,715.50
杨浦区,同济大学第一附属中学,存志学校,708.50
杨浦区,同济大学第一附属中学,民办杨浦凯慧初级中学,715.50
杨浦区,复旦大学附属中学,东实验学校（东中学）,752.50
杨浦区,同济大学第一附属中学,东实验学校（东中学）,711.00
杨浦区,复旦大学附属中学,复旦实验中学,759.50
杨浦区,同济大学第一附属中学,复旦实验中学,715.00
杨浦区,同济大学第一附属中学,民办兰生中学,703.50
杨浦区,同济大学第一附属中学,长阳实验学校,709.50
杨浦区,复旦大学附属中学,民办杨浦实验学校,759.00
杨浦区,同济大学第一附属中学,民办杨浦实验学校,718.00
杨浦区,同济大学第一附属中学,音乐学实验学校,719.50
杨浦区,同济大学第一附属中学,黄兴学校,708.00
杨浦区,复旦大学附属中学,昆明学校,750.00
杨浦区,同济大学第一附属中学,昆明学校,713.00
杨浦区,同济大学第一附属中学,鹰学校,717.50
静安区,上海市华东模范中学,静安区大宁国际学校,663.00
杨浦区,同济大学第一附属中学,杨浦双语学校,710.00
普陀区,上海市晋元高级中学,洵阳中学,715.00
普陀区,上海市曹杨第二中学,洵阳中学,733.50
普陀区,上海市晋元高级中学,北中学,724.00
普陀区,上海市曹杨第二中学,北中学,741.50
普陀区,上海市晋元高级中学,延河中学,716.00
普陀区,上海市曹杨第二中学,延河中学,724.00
普陀区,上海市晋元高级中学,曹杨第二中学附属实验中学,719.00
普陀区,上海市曹杨第二中学,曹杨第二中学附属实验中学,731.00
普陀区,上海市晋元高级中学,华东师范大学第四附属中学,726.00
普陀区,上海市曹杨第二中学,华东师范大学第四附属中学,742.50
普陀区,上海市晋元高级中学,怒江中学,723.50
普陀区,上海市曹杨第二中学,怒江中学,732.00
杨浦区,上海交通大学附属中学,存志学校,759.50
杨浦区,上海交通大学附属中学,民办杨浦凯慧初级中学,753.00
杨浦区,上海交通大学附属中学,民办兰生中学,758.00
杨浦区,上海交通大学附属中学,杨浦双语学校,758.00
闵行区,上海市上海中学,闵行区虹中学,752.50
杨浦区,同济大学第一附属中学,光学校,715.00
闵行区,上海市上海中学,罗阳中学,757.00
杨浦区,同济大学第一附属中学,民办沪东外国语学校,719.00
杨浦区,同济大学第一附属中学,同大实验学校,723.50
杨浦区,复旦大学附属中学,复旦大学第二附属学校,760.00
杨浦区,同济大学第一附属中学,复旦大学第二附属学校,707.50
闵行区,华东师范大学第二附属中学闵行紫竹分校,航华中学,728.00
闵行区,华东师范大学第二附属中学闵行紫竹分校,闵行区虹中学,740.50
闵行区,华东师范大学第二附属中学闵行紫竹分校,龙柏中学,746.00
闵行区,华东师范大学第二附属中学闵行紫竹分校,闵行区七宝第二中学,745.00
闵行区,华东师范大学第二附属中学闵行紫竹分校,罗阳中学,744.00
闵行区,华东师范大学第二附属中学闵行紫竹分校,闵行区莘松中学,746.00
普陀区,上海市晋元高级中学,师范大学附属第二实验学校,729.50
普陀区,上海市曹杨第二中学,师范大学附属第二实验学校,732.50
普陀区,上海市晋元高级中学,真北中学,721.50
普陀区,上海市曹杨第二中学,真北中学,738.00
普陀区,上海市晋元高级中学,普陀区学附属中学,719.50
普陀区,上海市曹杨第二中学,普陀区学附属中学,732.00
普陀区,上海市晋元高级中学,梅陇中学,724.50
普陀区,上海市曹杨第二中学,梅陇中学,743.00
普陀区,上海市晋元高级中学,兰田中学,724.00
普陀区,上海市曹杨第二中学,兰田中学,736.50
普陀区,上海市晋元高级中学,普陀区梅陇实验中学,727.00
杨浦区,上海交通大学附属中学,民办沪东外国语学校,756.50
闵行区,上海师范大学附属中学闵行分校,航华中学,715.00
闵行区,上海交通大学附属中学闵行分校,航华中学,709.00
闵行区,上海师范大学附属中学,航华中学,721.50
闵行区,上海师范大学附属中学闵行分校,闵行区虹中学,732.50
闵行区,上海交通大学附属中学闵行分校,闵行区虹中学,733.50
闵行区,上海师范大学附属中学闵行分校,龙柏中学,733.00
闵行区,上海交通大学附属中学闵行分校,龙柏中学,742.00
闵行区,上海师范大学附属中学闵行分校,闵行区七宝第二中学,729.00
闵行区,上海交通大学附属中学闵行分校,闵行区七宝第二中学,747.00
闵行区,上海师范大学附属中学闵行分校,罗阳中学,736.00
闵行区,上海交通大学附属中学闵行分校,罗阳中学,749.50
闵行区,上海师范大学附属中学闵行分校,闵行区莘松中学,733.00
闵行区,上海市上海中学,闵行区浦江第二中学,761.50
闵行区,华东师范大学第二附属中学闵行紫竹分校,七宝中学附属闵行金都实验中学,716.00
闵行区,华东师范大学第二附属中学闵行紫竹分校,闵行区北桥中学,736.50
闵行区,华东师范大学第二附属中学闵行紫竹分校,闵行区浦江第一中学,742.00
闵行区,华东师范大学第二附属中学闵行紫竹分校,闵行区浦江第二中学,729.50
闵行区,华东师范大学第二附属中学闵行紫竹分校,闵行区浦江第三中学,720.00
闵行区,华东师范大学第二附属中学闵行紫竹分校,闵行第四中学,740.50
闵行区,复旦大学附属中学,闵行区颛桥中学,760.00
闵行区,华东师范大学第二附属中学闵行紫竹分校,闵行区颛桥中学,745.00
普陀区,上海市曹杨第二中学,同济大学第二附属中学,736.50
普陀区,上海市曹杨第二中学,甘泉外国语中学,745.50
普陀区,上海市晋元高级中学,新杨中学,724.50
普陀区,上海市曹杨第二中学,新杨中学,730.00
普陀区,上海市晋元高级中学,长征中学,726.00
普陀区,上海市曹杨第二中学,长征中学,744.50
普陀区,上海市晋元高级中学,桃浦中学,730.00
普陀区,上海市曹杨第二中学,桃浦中学,743.00
普陀区,上海市晋元高级中学,晋元高级中学附属学校南校,735.00
闵行区,上海师范大学附属中学,闵行区莘松中学,737.50
闵行区,上海师范大学附属中学闵行分校,七宝中学附属闵行金都实验中学,714.00
闵行区,上海交通大学附属中学闵行分校,七宝中学附属闵行金都实验中学,735.50
闵行区,上海师范大学附属中学,七宝中学附属闵行金都实验中学,725.00
闵行区,上海师范大学附属中学闵行分校,闵行区北桥中学,726.50
闵行区,上海交通大学附属中学闵行分校,闵行区北桥中学,759.00
闵行区,上海师范大学附属中学,闵行区北桥中学,705.50
闵行区,上海师范大学附属中学闵行分校,闵行区浦江第一中学,727.00
闵行区,上海交通大学附属中学闵行分校,闵行区浦江第一中学,744.00
闵行区,上海师范大学附属中学闵行分校,闵行区浦江第二中学,715.00
闵行区,上海交通大学附属中学闵行分校,闵行区浦江第二中学,733.00
闵行区,上海师范大学附属中学闵行分校,闵行区浦江第三中学,706.50
闵行区,上海市上海中学,实验学校西校,762.50
闵行区,华东师范大学第二附属中学闵行紫竹分校,实验学校西校,749.50
闵行区,上海市上海中学,七宝实验中学,748.50
闵行区,上海市上海中学,闵行区七宝第三中学,760.00
闵行区,上海市上海中学,华东师范大学第二附属中学附属初级中学,760.50
闵行区,复旦大学附属中学,闵行区鹤北初级中学,746.00
闵行区,华东师范大学第二附属中学闵行紫竹分校,闵行区鹤北初级中学,742.50
闵行区,华东师范大学第二附属中学闵行紫竹分校,闵行区龙茗中学,745.50
闵行区,华东师范大学第二附属中学闵行紫竹分校,七宝实验中学,741.00
闵行区,华东师范大学第二附属中学闵行紫竹分校,师资培训中心附属闵行实验中学,748.50
闵行区,华东师范大学第二附属中学闵行紫竹分校,吴泾中学,739.00
闵行区,华东师范大学第二附属中学闵行紫竹分校,闵行区七宝第三中学,742.50
闵行区,华东师范大学第二附属中学闵行紫竹分校,华东师范大学第二附属中学附属初级中学,750.50
普陀区,上海市曹杨第二中学,华东师范大学附属进华中学,742.00
普陀区,上海市晋元高级中学,安生学校,706.50
普陀区,上海市曹杨第二中学,安生学校,733.50
普陀区,上海市晋元高级中学,培佳双语学校,725.00
普陀区,上海市曹杨第二中学,培佳双语学校,743.00
普陀区,上海市晋元高级中学,铜川学校,724.50
普陀区,上海市曹杨第二中学,铜川学校,739.50
普陀区,上海市晋元高级中学,沙田学校,723.00
普陀区,上海市曹杨第二中学,沙田学校,737.00
闵行区,上海师范大学附属中学闵行分校,实验学校西校,737.00
闵行区,上海交通大学附属中学闵行分校,实验学校西校,752.00
闵行区,上海师范大学附属中学闵行分校,闵行区鹤北初级中学,732.00
闵行区,上海交通大学附属中学闵行分校,闵行区鹤北初级中学,750.00
闵行区,上海师范大学附属中学闵行分校,闵行区龙茗中学,726.50
闵行区,上海交通大学附属中学闵行分校,闵行区龙茗中学,746.50
闵行区,上海师范大学附属中学闵行分校,七宝实验中学,731.00
闵行区,上海交通大学附属中学闵行分校,七宝实验中学,729.50
闵行区,上海师范大学附属中学闵行分校,师资培训中心附属闵行实验中学,735.50
闵行区,上海交通大学附属中学闵行分校,师资培训中心附属闵行实验中学,745.00
闵行区,上海师范大学附属中学闵行分校,吴泾中学,726.50
闵行区,上海交通大学附属中学闵行分校,吴泾中学,759.50
闵行区,上海市上海中学,闵行区田园外国语中学,760.00
闵行区,华东师范大学第二附属中学闵行紫竹分校,闵行区浦航实验中学,744.00
闵行区,华东师范大学第二附属中学,闵行区浦航实验中学,753.50
闵行区,华东师范大学第二附属中学闵行紫竹分校,闵行区马桥复旦万科实验中学,744.00
闵行区,复旦大学附属中学,中医药大学附属闵行晶城中学,759.00
闵行区,华东师范大学第二附属中学闵行紫竹分校,中医药大学附属闵行晶城中学,743.00
闵行区,华东师范大学第二附属中学闵行紫竹分校,师范大学附属闵行第三中学,745.00
闵行区,华东师范大学第二附属中学闵行紫竹分校,闵行区田园外国语中学,749.00
闵行区,华东师范大学第二附属中学闵行紫竹分校,闵行中学附属实验中学,741.00
闵行区,华东师范大学第二附属中学,闵行中学附属实验中学,750.00
闵行区,复旦大学附属中学,尚师初级中学,757.50
普陀区,上海市曹杨第二中学,洛川学校,733.50
普陀区,上海市晋元高级中学,宜川中学附属学校,719.00
普陀区,上海市曹杨第二中学,宜川中学附属学校,733.00
普陀区,上海市晋元高级中学,曹杨中学附属学校,723.50
普陀区,上海市曹杨第二中学,曹杨中学附属学校,732.50
普陀区,上海市晋元高级中学,普陀区学附属学校,728.50
普陀区,上海市曹杨第二中学,普陀区学附属学校,739.00
普陀区,上海市晋元高级中学,晋元高级中学附属学校,731.50
普陀区,上海市曹杨第二中学,晋元高级中学附属学校,744.50
闵行区,上海师范大学附属中学闵行分校,华东师范大学第二附属中学附属初级中学,725.00
闵行区,上海交通大学附属中学闵行分校,华东师范大学第二附属中学附属初级中学,753.50
闵行区,上海师范大学附属中学闵行分校,闵行区浦航实验中学,730.50
闵行区,上海交通大学附属中学闵行分校,闵行区浦航实验中学,752.00
闵行区,上海师范大学附属中学闵行分校,闵行区马桥复旦万科实验中学,733.50
闵行区,上海交通大学附属中学闵行分校,闵行区马桥复旦万科实验中学,752.00
闵行区,上海师范大学附属中学闵行分校,中医药大学附属闵行晶城中学,736.00
闵行区,上海交通大学附属中学闵行分校,中医药大学附属闵行晶城中学,740.00
闵行区,上海交通大学附属中学,师范大学附属闵行第三中学,750.00
闵行区,上海师范大学附属中学闵行分校,师范大学附属闵行第三中学,736.50
闵行区,上海交通大学附属中学闵行分校,师范大学附属闵行第三中学,743.00
闵行区,华东师范大学第二附属中学闵行紫竹分校,尚师初级中学,753.00
闵行区,上海市上海中学,闵行第三中学,749.00
闵行区,上海市上海中学,七宝中学附属鑫都实验中学,760.00
闵行区,复旦大学附属中学,骏博外国语学校,757.00
闵行区,华东师范大学第二附属中学闵行紫竹分校,骏博外国语学校,748.00
闵行区,华东师范大学第二附属中学闵行紫竹分校,闵行第三中学,742.50
闵行区,华东师范大学第二附属中学闵行紫竹分校,交通大学附属第二中学,742.00
闵行区,华东师范大学第二附属中学闵行紫竹分校,民办宝中学,742.00
闵行区,华东师范大学第二附属中学闵行紫竹分校,七宝中学附属鑫都实验中学,751.50
闵行区,华东师范大学第二附属中学闵行紫竹分校,文来中学,745.00
普陀区,上海市曹杨第二中学,江宁学校,745.50
普陀区,上海市晋元高级中学,中远实验学校,720.50
普陀区,上海市曹杨第二中学,中远实验学校,743.50
普陀区,上海市曹杨第二中学,金鼎学校,671.50
普陀区,上海市晋元高级中学,外国语大学尚阳外国语学校,722.00
普陀区,上海市曹杨第二中学,外国语大学尚阳外国语学校,740.50
普陀区,上海市晋元高级中学,文达学校,714.00
普陀区,上海市曹杨第二中学,文达学校,733.00
普陀区,上海市晋元高级中学,理工大学附属普陀实验学校,706.00
普陀区,上海市曹杨第二中学,理工大学附属普陀实验学校,736.00
普陀区,上海市晋元高级中学,万里城实验学校,725.50
普陀区,上海市曹杨第二中学,万里城实验学校,750.00
闵行区,上海师范大学附属中学闵行分校,尚师初级中学,749.00
闵行区,上海交通大学附属中学闵行分校,尚师初级中学,757.00
闵行区,上海师范大学附属中学闵行分校,骏博外国语学校,734.00
闵行区,上海交通大学附属中学闵行分校,骏博外国语学校,749.50
闵行区,上海师范大学附属中学闵行分校,闵行第三中学,729.00
闵行区,上海交通大学附属中学闵行分校,闵行第三中学,750.00
闵行区,上海交通大学附属中学,交通大学附属第二中学,759.50
闵行区,上海师范大学附属中学闵行分校,交通大学附属第二中学,724.00
闵行区,上海交通大学附属中学闵行分校,交通大学附属第二中学,759.50
闵行区,上海师范大学附属中学闵行分校,民办宝中学,730.50
闵行区,上海交通大学附属中学闵行分校,民办宝中学,749.50
闵行区,上海市上海中学,莘光学校,759.00
闵行区,华东师范大学第二附属中学闵行紫竹分校,民办文绮中学,743.50
闵行区,华东师范大学第二附属中学闵行紫竹分校,闵行区协和双语科学校,750.50
闵行区,华东师范大学第二附属中学闵行紫竹分校,闵行区诸翟学校,747.50
闵行区,华东师范大学第二附属中学闵行紫竹分校,华东师范大学附属闵行虹桥学校,719.00
闵行区,华东师范大学第二附属中学,华东师范大学附属闵行虹桥学校,755.00
闵行区,华东师范大学第二附属中学闵行紫竹分校,莘光学校,741.50
闵行区,华东师范大学第二附属中学闵行紫竹分校,闵行区纪王学校,744.50
闵行区,华东师范大学第二附属中学闵行紫竹分校,马桥强恕学校,716.50
闵行区,华东师范大学第二附属中学,马桥强恕学校,693.00
杨浦区,上海市杨浦高级中学,鞍山初级中学,720.50
闵行区,华东师范大学第二附属中学闵行紫竹分校,古美学校,742.00
杨浦区,上海市杨浦高级中学,十五中学,729.00
杨浦区,上海市杨浦高级中学,杨浦初级中学,729.00
杨浦区,上海市杨浦高级中学,惠民中学,718.50
杨浦区,上海市杨浦高级中学,辽阳中学,729.00
杨浦区,上海市杨浦高级中学,新大桥中学,724.00
杨浦区,上海市杨浦高级中学,建设初级中学,739.00
杨浦区,上海市杨浦高级中学,东辽阳中学,714.00
杨浦区,上海市杨浦高级中学,二十五中学,724.50
杨浦区,上海市杨浦高级中学,理工大学附属初级中学,717.00
杨浦区,上海市杨浦高级中学,杨浦区学附属中学,717.00
闵行区,上海师范大学附属中学闵行分校,民办文绮中学,725.00
闵行区,上海交通大学附属中学闵行分校,民办文绮中学,745.50
闵行区,上海师范大学附属中学闵行分校,闵行区协和双语科学校,734.50
闵行区,上海交通大学附属中学闵行分校,闵行区协和双语科学校,754.00
闵行区,上海师范大学附属中学闵行分校,闵行区诸翟学校,736.50
闵行区,上海交通大学附属中学闵行分校,闵行区诸翟学校,755.00
闵行区,上海师范大学附属中学闵行分校,华东师范大学附属闵行虹桥学校,735.50
闵行区,上海交通大学附属中学闵行分校,华东师范大学附属闵行虹桥学校,727.00
闵行区,上海师范大学附属中学闵行分校,莘光学校,735.00
闵行区,上海交通大学附属中学闵行分校,莘光学校,742.50
闵行区,上海交通大学附属中学,闵行区纪王学校,750.50
闵行区,上海市上海中学,闵行区华漕学校,758.00
闵行区,华东师范大学第二附属中学闵行紫竹分校,师范大学康城实验学校,745.50
闵行区,华东师范大学第二附属中学闵行紫竹分校,莘城学校,742.50
闵行区,复旦大学附属中学,闵行区明星学校,753.50
闵行区,华东师范大学第二附属中学闵行紫竹分校,闵行区明星学校,740.00
闵行区,复旦大学附属中学,闵行区文来实验学校,757.50
闵行区,华东师范大学第二附属中学闵行紫竹分校,闵行区文来实验学校,730.00
闵行区,华东师范大学第二附属中学闵行紫竹分校,闵行区君莲学校,742.50
闵行区,华东师范大学第二附属中学闵行紫竹分校,闵行区华漕学校,744.00
闵行区,华东师范大学第二附属中学闵行紫竹分校,世外附属浦江外国语学校,744.00
杨浦区,上海市杨浦高级中学,思源中学,718.00
杨浦区,上海市杨浦高级中学,鞍山实验中学,727.50
杨浦区,上海市杨浦高级中学,同济第二初级中学,722.00
杨浦区,上海市杨浦高级中学,理工大学附属实验初级中学,720.50
杨浦区,上海市杨浦高级中学,控江初级中学,723.00
杨浦区,上海市杨浦高级中学,存志学校,724.50
杨浦区,上海市杨浦高级中学,民办杨浦凯慧初级中学,724.50
杨浦区,上海市杨浦高级中学,东实验学校（东中学）,717.50
杨浦区,上海市杨浦高级中学,复旦实验中学,724.50
杨浦区,上海市杨浦高级中学,民办兰生中学,717.50
闵行区,上海交通大学附属中学闵行分校,古美学校,750.00
闵行区,上海交通大学附属中学,师范大学康城实验学校,761.00
闵行区,上海师范大学附属中学闵行分校,师范大学康城实验学校,734.50
闵行区,上海交通大学附属中学闵行分校,师范大学康城实验学校,747.00
闵行区,上海师范大学附属中学闵行分校,莘城学校,736.50
闵行区,上海交通大学附属中学闵行分校,莘城学校,747.00
闵行区,上海师范大学附属中学闵行分校,闵行区明星学校,724.50
闵行区,上海交通大学附属中学闵行分校,闵行区明星学校,746.00
闵行区,上海师范大学附属中学闵行分校,闵行区文来实验学校,722.50
闵行区,上海交通大学附属中学闵行分校,闵行区文来实验学校,743.50
闵行区,上海交通大学附属中学,闵行区君莲学校,754.50
闵行区,上海师范大学附属中学闵行分校,闵行区君莲学校,739.50
闵行区,华东师范大学第二附属中学闵行紫竹分校,交通大学附属闵行马桥实验学校,738.50
闵行区,华东师范大学第二附属中学闵行紫竹分校,闵行区七宝文来学校,746.50
闵行区,华东师范大学第二附属中学闵行紫竹分校,华东理工大学附属闵行梅陇实验学校,740.00
闵行区,华东师范大学第二附属中学闵行紫竹分校,华东师范大学附属闵行永德学校,748.50
闵行区,华东师范大学第二附属中学闵行紫竹分校,民办德英乐实验学校,749.00
闵行区,华东师范大学第二附属中学闵行紫竹分校,燎原双语学校,713.00
闵行区,华东师范大学第二附属中学闵行紫竹分校,民办协和双语尚音学校,745.50
杨浦区,上海市杨浦高级中学,鹰学校,719.00
杨浦区,上海市杨浦高级中学,杨浦双语学校,726.50
杨浦区,上海市杨浦高级中学,光学校,723.50
杨浦区,上海市杨浦高级中学,民办沪东外国语学校,728.00
杨浦区,上海市杨浦高级中学,同大实验学校,730.00
杨浦区,上海市杨浦高级中学,复旦大学第二附属学校,722.00
闵行区,上海市向明中学（浦江校区）,航华中学,711.50
闵行区,上海市第二中学（梅陇校区）,闵行区虹中学,721.50
闵行区,上海市第二中学（梅陇校区）,龙柏中学,700.50
闵行区,上海市向明中学（浦江校区）,闵行区七宝第二中学,714.50
闵行区,上海师范大学附属中学闵行分校,交通大学附属闵行马桥实验学校,723.00
闵行区,上海交通大学附属中学闵行分校,交通大学附属闵行马桥实验学校,758.50
闵行区,上海交通大学附属中学,闵行区七宝文来学校,761.00
闵行区,上海师范大学附属中学闵行分校,闵行区七宝文来学校,733.50
闵行区,上海交通大学附属中学闵行分校,闵行区七宝文来学校,753.00
闵行区,上海师范大学附属中学闵行分校,华东理工大学附属闵行梅陇实验学校,704.00
闵行区,上海交通大学附属中学闵行分校,华东理工大学附属闵行梅陇实验学校,741.50
闵行区,上海师范大学附属中学,华东理工大学附属闵行梅陇实验学校,737.00
闵行区,上海交通大学附属中学,华东师范大学附属闵行永德学校,759.00
闵行区,上海师范大学附属中学闵行分校,华东师范大学附属闵行永德学校,727.50
闵行区,上海交通大学附属中学闵行分校,华东师范大学附属闵行永德学校,736.00
闵行区,上海市上海中学,博世凯外国语学校,760.00
闵行区,华东师范大学第二附属中学闵行紫竹分校,民办万源城协和双语学校,745.00
闵行区,华东师范大学第二附属中学闵行紫竹分校,博世凯外国语学校,753.50
闵行区,华东师范大学第二附属中学闵行紫竹分校,民办圣华紫竹双语学校,756.00
宝山区,华东师范大学第二附属中学（宝山校区）,淞谊中学,750.00
宝山区,华东师范大学第二附属中学（宝山校区）,宝山区学附属中学,744.00
宝山区,华东师范大学第二附属中学（宝山校区）,吴淞初级中学,706.00
宝山区,华东师范大学第二附属中学（宝山校区）,滨第二中学,719.00
宝山区,华东师范大学第二附属中学（宝山校区）,民办宝莲中学,752.00
闵行区,上海市向明中学（浦江校区）,七宝中学附属闵行金都实验中学,714.00
闵行区,上海市第二中学（梅陇校区）,闵行区浦江第一中学,721.50
宝山区,华东师范大学第二附属中学（宝山校区）,吴淞第二中学,721.00
闵行区,上海市第二中学（梅陇校区）,闵行区浦江第二中学,717.00
闵行区,上海师范大学附属中学,民办协和双语尚音学校,731.50
闵行区,上海师范大学附属中学闵行分校,民办万源城协和双语学校,730.50
闵行区,上海交通大学附属中学闵行分校,民办万源城协和双语学校,760.50
闵行区,上海交通大学附属中学闵行分校,星河湾双语学校,721.00
闵行区,上海师范大学附属中学闵行分校,博世凯外国语学校,745.50
闵行区,上海交通大学附属中学闵行分校,博世凯外国语学校,756.50
闵行区,上海师范大学附属中学闵行分校,民办圣华紫竹双语学校,732.00
闵行区,上海交通大学附属中学闵行分校,民办圣华紫竹双语学校,755.50
宝山区,上海大学附属中学,淞谊中学,714.50
宝山区,上海师范大学附属中学宝山分校,淞谊中学,730.00
宝山区,上海大学附属中学,宝山区学附属中学,713.00
宝山区,上海师范大学附属中学宝山分校,宝山区学附属中学,725.50
宝山区,上海大学附属中学,吴淞初级中学,668.50
宝山区,上海师范大学附属中学宝山分校,吴淞初级中学,677.50
宝山区,上海交通大学附属中学,滨第二中学,755.00
宝山区,华东师范大学第二附属中学（宝山校区）,虎林中学,758.00
宝山区,华东师范大学第二附属中学（宝山校区）,泗塘中学,751.00
宝山区,华东师范大学第二附属中学（宝山校区）,宝山区求真中学北校,733.00
宝山区,华东师范大学第二附属中学（宝山校区）,宝山区求真中学南校,741.50
宝山区,华东师范大学第二附属中学（宝山校区）,长江第二中学,740.00
宝山区,华东师范大学第二附属中学（宝山校区）,宝山区求真中学,757.50
宝山区,华东师范大学第二附属中学（宝山校区）,大场中学,749.50
宝山区,华东师范大学第二附属中学（宝山校区）,大华中学,739.00
宝山区,复旦大学附属中学,月浦中学,748.50
宝山区,华东师范大学第二附属中学（宝山校区）,月浦中学,729.00
宝山区,上海大学附属中学,虎林中学,716.50
宝山区,上海师范大学附属中学宝山分校,虎林中学,717.50
宝山区,华东师范大学第二附属中学（宝山校区）,罗泾中学,683.00
宝山区,上海大学附属中学,泗塘中学,718.00
宝山区,上海师范大学附属中学宝山分校,泗塘中学,736.00
宝山区,上海大学附属中学,宝山区求真中学北校,699.50
宝山区,上海师范大学附属中学宝山分校,宝山区求真中学北校,665.00
宝山区,上海大学附属中学,宝山区求真中学南校,694.50
宝山区,上海师范大学附属中学宝山分校,宝山区求真中学南校,677.00
宝山区,上海大学附属中学,长江第二中学,708.00
宝山区,上海师范大学附属中学宝山分校,长江第二中学,719.00
宝山区,上海大学附属中学,宝山区求真中学,715.00
宝山区,上海师范大学附属中学宝山分校,宝山区求真中学,728.50
宝山区,上海大学附属中学,大场中学,708.00
宝山区,上海师范大学附属中学宝山分校,大场中学,718.50
宝山区,上海大学附属中学,大华中学,714.50
宝山区,上海师范大学附属中学宝山分校,大华中学,725.00
宝山区,上海大学附属中学,月浦中学,713.50
宝山区,上海师范大学附属中学宝山分校,月浦中学,719.00
宝山区,华东师范大学第二附属中学（宝山校区）,罗南中学,750.50
宝山区,上海市上海中学,宝山区杨泰实验中学,753.50
宝山区,上海市上海中学,师范大学附属宝山罗店中学,716.50
宝山区,华东师范大学第二附属中学（宝山校区）,民办交华中学,754.50
宝山区,华东师范大学第二附属中学（宝山校区）,宝山实验学校高境分校,754.50
宝山区,华东师范大学第二附属中学（宝山校区）,宝山区罗店第二中学,744.50
宝山区,华东师范大学第二附属中学（宝山校区）,宝山区乐之中学,660.50
宝山区,华东师范大学第二附属中学（宝山校区）,宝山区美兰湖中学,740.00
宝山区,华东师范大学第二附属中学（宝山校区）,宝山区杨泰实验中学,750.00
宝山区,复旦大学附属中学,师范大学附属宝山经纬实验中学,759.50
宝山区,华东师范大学第二附属中学（宝山校区）,师范大学附属宝山经纬实验中学,751.50
宝山区,华东师范大学第二附属中学（宝山校区）,师范大学附属宝山罗店中学,728.00
宝山区,上海大学附属中学,民办交华中学,714.00
宝山区,华东师范大学第二附属中学（宝山校区）,宝山中学,753.00
宝山区,上海师范大学附属中学宝山分校,民办交华中学,722.50
宝山区,上海大学附属中学,宝山实验学校高境分校,707.00
宝山区,上海师范大学附属中学宝山分校,宝山实验学校高境分校,711.50
宝山区,上海大学附属中学,宝山区罗店第二中学,706.50
宝山区,上海师范大学附属中学宝山分校,宝山区罗店第二中学,729.00
宝山区,上海大学附属中学,宝山区乐之中学,711.00
宝山区,上海师范大学附属中学宝山分校,宝山区乐之中学,722.00
宝山区,上海大学附属中学,宝山区美兰湖中学,710.00
宝山区,上海师范大学附属中学宝山分校,宝山区美兰湖中学,733.50
宝山区,上海大学附属中学,宝山区杨泰实验中学,717.00
宝山区,上海师范大学附属中学宝山分校,宝山区杨泰实验中学,734.50
宝山区,上海大学附属中学,师范大学附属宝山经纬实验中学,718.50
宝山区,上海师范大学附属中学宝山分校,师范大学附属宝山经纬实验中学,729.50
宝山区,上海大学附属中学,师范大学附属宝山罗店中学,694.50
宝山区,上海大学附属中学,宝山中学,734.50
宝山区,华东师范大学第二附属中学（宝山校区）,顾村中学,739.00
宝山区,上海市上海中学,行知实验中学,758.00
宝山区,华东师范大学第二附属中学（宝山校区）,行知实验中学,739.50
宝山区,华东师范大学第二附属中学（宝山校区）,高境第一中学,757.50
宝山区,华东师范大学第二附属中学（宝山校区）,盛桥中学,735.00
宝山区,华东师范大学第二附属中学（宝山校区）,同洲模范学校,756.50
宝山区,华东师范大学第二附属中学（宝山校区）,宝山实验学校,749.00
宝山区,华东师范大学第二附属中学（宝山校区）,民办锦秋学校,742.50
宝山区,华东师范大学第二附属中学（宝山校区）,月浦实验学校,742.50
宝山区,华东师范大学第二附属中学,月浦实验学校,759.00
宝山区,华东师范大学第二附属中学（宝山校区）,宝钢新世纪学校,752.50
宝山区,上海大学附属中学,行知实验中学,721.00
宝山区,上海师范大学附属中学宝山分校,行知实验中学,724.00
宝山区,华东师范大学第二附属中学（宝山校区）,吴淞实验学校,743.50
宝山区,上海大学附属中学,高境第一中学,704.50
宝山区,上海师范大学附属中学宝山分校,高境第一中学,709.00
宝山区,上海大学附属中学,盛桥中学,707.50
宝山区,上海师范大学附属中学宝山分校,盛桥中学,717.50
宝山区,上海大学附属中学,同洲模范学校,720.50
宝山区,上海师范大学附属中学宝山分校,同洲模范学校,729.50
宝山区,上海交通大学附属中学,宝山实验学校,759.50
宝山区,上海大学附属中学,宝山实验学校,713.50
宝山区,上海师范大学附属中学宝山分校,宝山实验学校,728.50
宝山区,上海师范大学附属中学宝山分校,金瑞学校,660.50
宝山区,上海大学附属中学,民办锦秋学校,714.50
宝山区,上海师范大学附属中学宝山分校,民办锦秋学校,676.50
宝山区,上海大学附属中学,月浦实验学校,712.50
宝山区,上海师范大学附属中学宝山分校,月浦实验学校,729.50
宝山区,上海大学附属中学,宝钢新世纪学校,711.00
宝山区,华东师范大学第二附属中学（宝山校区）,宝山区天馨学校,742.50
宝山区,华东师范大学第二附属中学（宝山校区）,宝山区大学附属中学实验学校,742.00
宝山区,华东师范大学第二附属中学（宝山校区）,宝山区共富实验学校,735.00
宝山区,华东师范大学第二附属中学（宝山校区）,华东师范大学宝山实验学校,742.50
宝山区,华东师范大学第二附属中学（宝山校区）,大学附属学校,752.50
宝山区,华东师范大学第二附属中学（宝山校区）,农场学校,728.00
宝山区,华东师范大学第二附属中学（宝山校区）,宝山区馨家园学校,737.50
宝山区,华东师范大学第二附属中学（宝山校区）,世外附属宝山大华实验学校,741.50
宝山区,华东师范大学第二附属中学（宝山校区）,宝山区淞谊实验学校,697.00
宝山区,华东师范大学第二附属中学（宝山校区）,宝山区鹿鸣学校,758.00
宝山区,上海大学附属中学,宝山区大学附属中学实验学校,715.00
宝山区,华东师范大学第二附属中学（宝山校区）,宝山区庙行实验学校,751.50
宝山区,上海师范大学附属中学宝山分校,宝山区大学附属中学实验学校,732.00
宝山区,上海大学附属中学,宝山区共富实验学校,714.50
宝山区,上海师范大学附属中学宝山分校,宝山区共富实验学校,730.00
宝山区,上海大学附属中学,华东师范大学宝山实验学校,707.50
宝山区,上海师范大学附属中学宝山分校,华东师范大学宝山实验学校,739.50
宝山区,上海大学附属中学,大学附属学校,718.50
宝山区,上海师范大学附属中学宝山分校,大学附属学校,725.00
宝山区,上海交通大学附属中学,农场学校,747.50
宝山区,上海大学附属中学,农场学校,690.50
宝山区,上海师范大学附属中学宝山分校,农场学校,729.50
宝山区,上海大学附属中学,宝山区馨家园学校,707.50
宝山区,上海师范大学附属中学宝山分校,宝山区馨家园学校,724.00
宝山区,上海大学附属中学,世外附属宝山大华实验学校,724.00
宝山区,上海师范大学附属中学宝山分校,世外附属宝山大华实验学校,726.50
宝山区,上海大学附属中学,宝山区淞谊实验学校,703.50
宝山区,华东师范大学第二附属中学（宝山校区）,宝山区顾村实验学校,738.50
宝山区,华东师范大学第二附属中学（宝山校区）,学会宝山实验学校,744.50
宝山区,华东师范大学第二附属中学（宝山校区）,宝山区行知外国语学校,743.00
宝山区,华东师范大学第二附属中学（宝山校区）,宝山区新民实验学校,726.00
宝山区,华东师范大学第二附属中学（宝山校区）,刘行新华实验学校,742.00
宝山区,华东师范大学第二附属中学（宝山校区）,民办华曜宝山实验学校,756.00
宝山区,华东师范大学第二附属中学（宝山校区）,大学附属宝山外国语学校,752.00
宝山区,复旦大学附属中学,外国语大学附属宝山双语学校,755.50
嘉定区,上海市嘉定区第一中学,嘉定区戬浜学校,702.00
宝山区,华东师范大学第二附属中学（宝山校区）,外国语大学附属宝山双语学校,750.50
宝山区,复旦大学附属中学,行知中学附属宝山实验学校,753.00
嘉定区,上海市嘉定区第一中学,嘉定区朱桥学校,714.00
嘉定区,上海市嘉定区第一中学,嘉定区苏民学校,727.50
宝山区,华东师范大学第二附属中学（宝山校区）,行知中学附属宝山实验学校,748.00
嘉定区,上海市嘉定区第一中学,民办远东学校,726.00
宝山区,上海大学附属中学,宝山区顾村实验学校,704.50
宝山区,上海师范大学附属中学宝山分校,宝山区顾村实验学校,743.00
宝山区,上海大学附属中学,学会宝山实验学校,719.50
宝山区,上海师范大学附属中学宝山分校,学会宝山实验学校,723.50
宝山区,上海大学附属中学,宝山区行知外国语学校,713.00
宝山区,上海师范大学附属中学宝山分校,宝山区行知外国语学校,737.00
宝山区,上海大学附属中学,宝山区新民实验学校,711.50
宝山区,上海师范大学附属中学宝山分校,宝山区新民实验学校,718.00
宝山区,上海大学附属中学,刘行新华实验学校,713.00
宝山区,上海师范大学附属中学宝山分校,刘行新华实验学校,741.50
宝山区,上海大学附属中学,民办华曜宝山实验学校,717.50
宝山区,上海师范大学附属中学宝山分校,民办华曜宝山实验学校,736.00
宝山区,上海大学附属中学,大学附属宝山外国语学校,707.50
宝山区,华东师范大学第二附属中学（宝山校区）,民办至德实验学校,754.50
宝山区,华东师范大学第二附属中学,民办至德实验学校,758.00
黄浦区,上海市卢湾高级中学,敬业初级中学,676.50
宝山区,华东师范大学第二附属中学（宝山校区）,宝山区世外学校,760.50
静安区,上海市第六十中学,回民中学,670.00
徐汇区,上海市南洋模范中学,田林中学,739.50
宝山区,华东师范大学第二附属中学（宝山校区）,师范大学附属宝山实验学校,739.00
徐汇区,上海市第二中学,田林第二中学,720.00
徐汇区,上海市南洋模范中学,田林第二中学,725.50
宝山区,华东师范大学第二附属中学（宝山校区）,师范大学附属宝山潜溪学校,697.00
徐汇区,上海市第二中学,田林第三中学,723.00
徐汇区,上海市南洋模范中学,田林第三中学,743.00
宝山区,华东师范大学第二附属中学（宝山校区）,宝山区南大实验学校,753.50
徐汇区,上海市南洋模范中学,汾阳中学,730.00
徐汇区,上海市第二中学,梅园中学,725.00
宝山区,华东师范大学第二附属中学（宝山校区）,世外附属宝山美兰湖实验学校,752.50
徐汇区,上海市南洋模范中学,梅园中学,738.50
徐汇区,上海市第二中学,紫阳中学,707.50
宝山区,华东师范大学第二附属中学（宝山校区）,存志附属宝山实验学校,748.50
徐汇区,上海市南洋模范中学,紫阳中学,733.00
徐汇区,上海市第二中学,康健外国语实验中学,720.50
宝山区,华东师范大学第二附属中学（宝山校区）,华东师范大学附属宝山宝杨实验学校,751.50
徐汇区,上海市南洋模范中学,康健外国语实验中学,744.00
徐汇区,上海市第二中学,世外中学,704.50
宝山区,华东师范大学第二附属中学（宝山校区）,宝山区陈伯吹罗店实验学校,740.50
嘉定区,上海市嘉定区第一中学,嘉定区启良中学,721.50
嘉定区,上海市嘉定区第一中学,嘉定区方泰中学,730.00
宝山区,上海大学附属中学,宝山区世外学校,719.00
宝山区,上海师范大学附属中学宝山分校,宝山区世外学校,730.00
嘉定区,华东师范大学第二附属中学,嘉定区方泰中学,735.00
嘉定区,上海市上海中学,民办嘉一联合中学,757.50
嘉定区,上海市上海中学,嘉定区丰庄中学,752.00
嘉定区,华东师范大学第二附属中学,嘉定区黄渡中学,741.00
嘉定区,华东师范大学第二附属中学,嘉定区马陆才联合中学,741.50
嘉定区,上海市嘉定区第一中学,嘉定区迎园中学,729.00
嘉定区,上海交通大学附属中学嘉定分校,曹杨二中附属江桥实验中学,742.00
嘉定区,上海师范大学附属中学嘉定新城分校,曹杨二中附属江桥实验中学,721.50
嘉定区,上海交通大学附属中学嘉定分校,嘉定区迎园中学,737.00
嘉定区,上海师范大学附属中学嘉定新城分校,嘉定区迎园中学,725.50
嘉定区,上海交通大学附属中学嘉定分校,嘉定区南苑中学,729.00
嘉定区,上海师范大学附属中学嘉定新城分校,嘉定区南苑中学,723.00
嘉定区,上海交通大学附属中学嘉定分校,嘉定区黄渡中学,730.50
嘉定区,上海师范大学附属中学嘉定新城分校,嘉定区黄渡中学,721.00
嘉定区,上海交通大学附属中学嘉定分校,嘉定区徐行中学,690.50
嘉定区,上海师范大学附属中学嘉定新城分校,嘉定区徐行中学,698.50
嘉定区,上海交通大学附属中学嘉定分校,嘉定区马陆才联合中学,706.50
嘉定区,上海师范大学附属中学嘉定新城分校,嘉定区马陆才联合中学,713.00
嘉定区,上海市上海中学,嘉定区戬浜学校,728.50
嘉定区,复旦大学附属中学,嘉定区苏民学校,751.50
嘉定区,复旦大学附属中学,民办桃李园实验学校,760.00
嘉定区,复旦大学附属中学,嘉定区练川实验学校,757.50
嘉定区,上海师范大学附属中学嘉定新城分校,嘉定区华江中学,725.50
嘉定区,上海交通大学附属中学嘉定分校,嘉定区新城实验中学,744.00
嘉定区,上海师范大学附属中学嘉定新城分校,嘉定区新城实验中学,725.00
嘉定区,上海交通大学附属中学嘉定分校,嘉定区南翔中学,739.00
嘉定区,上海师范大学附属中学嘉定新城分校,嘉定区南翔中学,718.00
嘉定区,上海交通大学附属中学,嘉定区疁城实验学校,695.50
嘉定区,上海交通大学附属中学嘉定分校,嘉定区疁城实验学校,732.00
嘉定区,上海师范大学附属中学嘉定新城分校,嘉定区疁城实验学校,719.00
嘉定区,上海交通大学附属中学嘉定分校,嘉定区戬浜学校,723.50
嘉定区,上海师范大学附属中学嘉定新城分校,嘉定区戬浜学校,679.00
嘉定区,上海交通大学附属中学,嘉定区朱桥学校,752.00
嘉定区,上海交通大学附属中学嘉定分校,嘉定区朱桥学校,736.50
嘉定区,上海师范大学附属中学嘉定新城分校,嘉定区朱桥学校,720.50
浦东新区,上海市上海中学,进才中学北校,760.00
浦东新区,华东师范大学第二附属中学,建平中学西校,760.50
徐汇区,上海市南洋模范中学,世外中学,746.50
徐汇区,上海市南洋模范中学,徐汇南校,745.00
徐汇区,上海市第二中学,第四中学,722.50
黄浦区,上海市格致中学（奉贤校区）,震旦外国语中学,694.50
徐汇区,上海市南洋模范中学,第四中学,739.50
徐汇区,上海市第二中学,零陵中学,705.00
徐汇区,上海市南洋模范中学,零陵中学,733.50
徐汇区,上海市第二中学,华东理工大学附属中学,717.00
徐汇区,上海市南洋模范中学,华东理工大学附属中学,739.50
徐汇区,上海市第二中学,西南位中学,714.50
徐汇区,上海市南洋模范中学,西南位中学,740.50
黄浦区,上海市卢湾高级中学,音乐学附属黄浦比乐中学,682.50
徐汇区,上海市第二中学,西南模范中学,724.50
静安区,上海市新中高级中学,民办外静安外国语中学,698.50
嘉定区,上海市嘉定区第一中学,嘉定区金鹤学校,717.50
嘉定区,上海市嘉定区第一中学,师范大学附属第五嘉定实验学校,721.00
嘉定区,上海市嘉定区第一中学,同济大学附属嘉定实验中学,720.50
嘉定区,上海市嘉定区第一中学,交大附中附属嘉定洪德中学,719.50
嘉定区,上海市嘉定区第一中学,嘉定区嘉二实验学校,718.00
嘉定区,上海市嘉定区第一中学,嘉定区民办华盛怀少学校,713.00
浦东新区,上海市浦东复旦附中分校,进才中学北校,758.50
嘉定区,上海交通大学附属中学嘉定分校,嘉定区世界外国语学校,748.50
嘉定区,上海师范大学附属中学嘉定新城分校,嘉定区世界外国语学校,725.50
嘉定区,上海交通大学附属中学嘉定分校,嘉定区金鹤学校,727.00
嘉定区,上海师范大学附属中学嘉定新城分校,嘉定区金鹤学校,714.50
嘉定区,上海交通大学附属中学嘉定分校,师范大学附属第五嘉定实验学校,724.50
嘉定区,上海师范大学附属中学嘉定新城分校,师范大学附属第五嘉定实验学校,724.00
嘉定区,上海交通大学附属中学嘉定分校,同济大学附属嘉定实验中学,743.00
浦东新区,上海市上海中学,三林中学北校,756.00
浦东新区,华东师范大学第二附属中学,南中学东校,757.50
浦东新区,上海市上海中学,清流中学,755.50
浦东新区,华东师范大学第二附属中学,南中学北校,747.50
静安区,上海市第六十中学,民办外静安外国语中学,677.00
静安区,上海市华东模范中学,民办外静安外国语中学,666.00
静安区,上海市新中高级中学,静安区北初级中学北校,704.50
静安区,上海市第六十中学,静安区北初级中学北校,682.50
静安区,上海市华东模范中学,静安区北初级中学北校,658.00
静安区,上海市新中高级中学,新中初级中学,710.50
静安区,上海市第六十中学,新中初级中学,676.00
静安区,上海市华东模范中学,新中初级中学,661.50
静安区,上海市新中高级中学,静安区实验中学,710.50
长宁区,上海市第三女子中学,复旦初级中学,692.00
浦东新区,复旦大学附属中学,洪山中学,748.00
静安区,上海市第六十中学,静安区协和双语培明学校,671.00
静安区,上海市第六十中学,静安区实验中学,686.50
静安区,上海市华东模范中学,静安区实验中学,670.00
静安区,上海市第六十中学,朝阳中学,686.50
静安区,上海市新中高级中学,北初级中学,708.50
静安区,上海市第六十中学,北初级中学,678.00
静安区,上海市华东模范中学,民办风范中学,666.00
静安区,上海市第六十中学,静安区大宁国际学校,692.50
普陀区,上海市曹杨第二中学,普陀区梅陇实验中学,739.50
普陀区,上海市晋元高级中学,曹杨中学,719.00
普陀区,上海市曹杨第二中学,曹杨中学,736.00
普陀区,上海市晋元高级中学,同济大学第二附属中学,721.50
普陀区,上海市曹杨第二中学,晋元高级中学附属学校南校,739.50
普陀区,上海市晋元高级中学,音乐学附属安师实验中学,664.00
普陀区,上海市曹杨第二中学,音乐学附属安师实验中学,689.50
普陀区,上海市晋元高级中学,华东师范大学附属进华中学,720.50
闵行区,上海市第二中学（梅陇校区）,闵行区北桥中学,722.00
杨浦区,上海市杨浦高级中学,国和中学,720.00
普陀区,上海市晋元高级中学,华东师范大学附属外国语实验学校,717.50
浦东新区,上海市浦东复旦附中分校,南中学东校,751.50
浦东新区,上海市浦东复旦附中分校,南中学北校,734.50
浦东新区,上海市浦东复旦附中分校,三林中学北校,745.50
浦东新区,上海市浦东复旦附中分校,洪山中学,744.00
浦东新区,上海市浦东复旦附中分校,南中学南校,748.50
浦东新区,上海市浦东复旦附中分校,清流中学,755.00
浦东新区,上海市浦东复旦附中分校,浦泾中学,732.00
浦东新区,上海中学东校,南中学北校,736.00
浦东新区,上海中学东校,三林中学北校,727.50
浦东新区,上海中学东校,洪山中学,725.00
浦东新区,上海交通大学附属中学,南中学南校,750.00
浦东新区,上海中学东校,南中学南校,728.50
浦东新区,上海中学东校,清流中学,729.50
浦东新区,上海中学东校,浦泾中学,726.50
普陀区,上海市曹杨第二中学,华东师范大学附属外国语实验学校,746.00
浦东新区,华东师范大学第二附属中学,浦东新区学附属实验中学,756.50
普陀区,上海市晋元高级中学,子长学校,717.50
普陀区,上海市曹杨第二中学,子长学校,711.00
普陀区,上海市晋元高级中学,洛川学校,727.50
普陀区,上海市晋元高级中学,曹杨第二中学附属学校,727.00
普陀区,上海市曹杨第二中学,曹杨第二中学附属学校,741.00
普陀区,上海市晋元高级中学,民办新黄浦实验学校,729.00
普陀区,上海市曹杨第二中学,民办新黄浦实验学校,742.00
普陀区,上海市晋元高级中学,江宁学校,732.50
杨浦区,上海市杨浦高级中学,铁岭中学,723.50
杨浦区,上海市杨浦高级中学,同济初级中学,722.00
杨浦区,上海市杨浦高级中学,三门中学(财经大学附属初级中学）,723.50
杨浦区,上海市杨浦高级中学,包头中学,720.00
杨浦区,上海市杨浦高级中学,长阳实验学校,728.00
杨浦区,上海市杨浦高级中学,民办杨浦实验学校,725.00
杨浦区,上海市杨浦高级中学,音乐学实验学校,720.50
浦东新区,华东师范大学第二附属中学,罗山中学,748.00
杨浦区,上海市杨浦高级中学,黄兴学校,714.00
杨浦区,上海市杨浦高级中学,昆明学校,728.50
闵行区,上海市第二中学（梅陇校区）,闵行区七宝第二中学,728.50
闵行区,上海市向明中学（浦江校区）,罗阳中学,724.00
闵行区,上海市向明中学（浦江校区）,闵行区莘松中学,730.00
闵行区,上海市第二中学（梅陇校区）,闵行区莘松中学,730.00
闵行区,上海市第二中学（梅陇校区）,闵行区浦江第三中学,702.00
闵行区,上海市向明中学（浦江校区）,闵行第四中学,713.50
闵行区,上海市向明中学（浦江校区）,闵行区颛桥中学,735.00
闵行区,上海市向明中学（浦江校区）,实验学校西校,718.50
闵行区,上海市第二中学（梅陇校区）,实验学校西校,734.00
浦东新区,上海市浦东复旦附中分校,交通大学附属浦东实验中学,752.50
浦东新区,上海市浦东复旦附中分校,浦东新区学附属实验中学,702.50
浦东新区,上海市浦东复旦附中分校,洋泾中学南校,756.00
浦东新区,上海市浦东复旦附中分校,东昌东校,752.00
浦东新区,上海市浦东复旦附中分校,罗山中学,747.50
浦东新区,上海市浦东复旦附中分校,金杨中学,754.50
浦东新区,上海交通大学附属中学,交通大学附属浦东实验中学,752.50
浦东新区,上海中学东校,交通大学附属浦东实验中学,739.00
浦东新区,上海中学东校,浦东新区学附属实验中学,684.00
浦东新区,上海交通大学附属中学,洋泾中学南校,723.50
浦东新区,上海中学东校,洋泾中学南校,737.50
浦东新区,上海中学东校,东昌东校,722.50
浦东新区,上海中学东校,罗山中学,729.00
闵行区,上海市第二中学（梅陇校区）,闵行区鹤北初级中学,715.00
浦东新区,华东师范大学第二附属中学,孙桥中学,732.00
闵行区,上海市向明中学（浦江校区）,闵行区龙茗中学,725.00
闵行区,上海市第二中学（梅陇校区）,七宝实验中学,731.00
松江区,上海市松江一中,松江区新桥中学,720.50
闵行区,上海市向明中学（浦江校区）,师资培训中心附属闵行实验中学,728.00
闵行区,上海市第二中学（梅陇校区）,吴泾中学,739.00
闵行区,上海市向明中学（浦江校区）,闵行区七宝第三中学,719.00
闵行区,上海市向明中学（浦江校区）,华东师范大学第二附属中学附属初级中学,716.50
浦东新区,华东师范大学第二附属中学,人中学,738.50
闵行区,上海市第二中学（梅陇校区）,华东师范大学第二附属中学附属初级中学,706.50
闵行区,上海市向明中学（浦江校区）,闵行区浦航实验中学,721.00
闵行区,上海市第二中学（梅陇校区）,闵行区浦航实验中学,722.00
闵行区,上海市第二中学（梅陇校区）,闵行区马桥复旦万科实验中学,730.00
闵行区,上海市向明中学（浦江校区）,中医药大学附属闵行晶城中学,720.00
闵行区,上海市第二中学（梅陇校区）,师范大学附属闵行第三中学,736.00
浦东新区,华东师范大学第二附属中学,东林中学,734.00
闵行区,上海市第二中学（梅陇校区）,闵行区田园外国语中学,741.50
闵行区,上海市向明中学（浦江校区）,闵行中学附属实验中学,724.00
闵行区,上海市向明中学（浦江校区）,尚师初级中学,723.00
闵行区,上海市第二中学（梅陇校区）,尚师初级中学,721.50
闵行区,上海市向明中学（浦江校区）,骏博外国语学校,715.00
闵行区,上海市第二中学（梅陇校区）,骏博外国语学校,739.50
闵行区,上海市第二中学（梅陇校区）,闵行第三中学,719.50
闵行区,上海市向明中学（浦江校区）,交通大学附属第二中学,729.50
闵行区,上海市第二中学（梅陇校区）,交通大学附属第二中学,727.50
闵行区,上海市向明中学（浦江校区）,民办宝中学,723.50
闵行区,上海市第二中学（梅陇校区）,民办宝中学,726.00
闵行区,上海市向明中学（浦江校区）,七宝中学附属鑫都实验中学,718.00
闵行区,上海市第二中学（梅陇校区）,七宝中学附属鑫都实验中学,735.00
闵行区,上海市向明中学（浦江校区）,文来中学,735.00
浦东新区,上海市浦东复旦附中分校,华林中学,738.00
浦东新区,上海市浦东复旦附中分校,孙桥中学,692.00
浦东新区,上海市浦东复旦附中分校,人中学,742.00
浦东新区,上海市浦东复旦附中分校,东林中学,711.50
浦东新区,上海市浦东复旦附中分校,施湾中学,735.00
浦东新区,上海市浦东复旦附中分校,黄楼中学,730.00
浦东新区,上海市浦东复旦附中分校,王港中学,732.00
浦东新区,上海中学东校,孙桥中学,702.50
浦东新区,上海中学东校,人中学,703.00
浦东新区,上海中学东校,东林中学,680.50
浦东新区,上海中学东校,施湾中学,735.00
浦东新区,上海师范大学附属中学,施湾中学,715.50
浦东新区,上海师范大学附属中学,黄楼中学,719.50
浦东新区,上海中学东校,王港中学,700.50
浦东新区,上海市上海中学,师范大学附属高桥实验中学,755.50
浦东新区,华东师范大学第二附属中学,东沟中学,760.00
闵行区,上海市第二中学（梅陇校区）,文来中学,731.50
闵行区,上海市向明中学（浦江校区）,民办文绮中学,722.50
闵行区,上海市第二中学（梅陇校区）,民办文绮中学,733.00
闵行区,上海市向明中学（浦江校区）,闵行区协和双语科学校,724.00
闵行区,上海市第二中学（梅陇校区）,闵行区协和双语科学校,726.00
闵行区,上海市向明中学（浦江校区）,闵行区诸翟学校,721.50
闵行区,上海市向明中学（浦江校区）,华东师范大学附属闵行虹桥学校,704.00
闵行区,上海市向明中学（浦江校区）,莘光学校,721.00
闵行区,上海市第二中学（梅陇校区）,莘光学校,736.00
闵行区,上海市第二中学（梅陇校区）,闵行区纪王学校,718.50
闵行区,上海市第二中学（梅陇校区）,马桥强恕学校,709.00
浦东新区,华东师范大学第二附属中学,凌桥中学,731.00
闵行区,上海市第二中学（梅陇校区）,古美学校,724.00
闵行区,上海市向明中学（浦江校区）,师范大学康城实验学校,729.50
闵行区,上海市第二中学（梅陇校区）,师范大学康城实验学校,733.50
闵行区,上海市第二中学（梅陇校区）,莘城学校,733.50
闵行区,上海市向明中学（浦江校区）,闵行区明星学校,715.50
浦东新区,华东师范大学第二附属中学,顾路中学,743.00
闵行区,上海市第二中学（梅陇校区）,闵行区明星学校,715.00
闵行区,上海市向明中学（浦江校区）,闵行区文来实验学校,722.50
闵行区,上海市第二中学（梅陇校区）,闵行区君莲学校,736.00
闵行区,上海市向明中学（浦江校区）,闵行区华漕学校,704.50
闵行区,上海市向明中学（浦江校区）,世外附属浦江外国语学校,725.50
闵行区,上海市向明中学（浦江校区）,交通大学附属闵行马桥实验学校,718.00
闵行区,上海市第二中学（梅陇校区）,交通大学附属闵行马桥实验学校,732.00
闵行区,上海市第二中学（梅陇校区）,闵行区七宝文来学校,724.00
闵行区,上海市第二中学（梅陇校区）,华东理工大学附属闵行梅陇实验学校,718.50
闵行区,上海市向明中学（浦江校区）,华东师范大学附属闵行永德学校,712.00
闵行区,上海市向明中学（浦江校区）,民办德英乐实验学校,723.50
浦东新区,上海市浦东复旦附中分校,杨园中学,755.50
浦东新区,上海市浦东复旦附中分校,东沟中学,721.00
浦东新区,上海市浦东复旦附中分校,师范大学附属高桥实验中学,752.50
浦东新区,上海市浦东复旦附中分校,凌桥中学,727.00
浦东新区,上海市浦东复旦附中分校,顾路中学,746.50
浦东新区,上海市浦东复旦附中分校,浦东模范中学,754.00
浦东新区,上海中学东校,东沟中学,717.00
浦东新区,上海中学东校,师范大学附属高桥实验中学,732.00
浦东新区,上海中学东校,凌桥中学,715.00
浦东新区,上海中学东校,顾路中学,703.00
浦东新区,上海中学东校,浦东模范中学,737.00
浦东新区,上海中学东校,川沙中学华夏西校,733.00
浦东新区,上海中学东校,陆行中学北校,733.50
闵行区,上海市第二中学（梅陇校区）,民办德英乐实验学校,729.00
闵行区,上海市第二中学（梅陇校区）,燎原双语学校,699.50
闵行区,上海市第二中学（梅陇校区）,民办协和双语尚音学校,739.00
闵行区,上海市第二中学（梅陇校区）,民办万源城协和双语学校,720.50
闵行区,上海市向明中学（浦江校区）,博世凯外国语学校,737.00
闵行区,上海市向明中学（浦江校区）,民办圣华紫竹双语学校,727.50
嘉定区,上海市嘉定区第一中学,曹杨二中附属江桥实验中学,721.50
嘉定区,上海市嘉定区第一中学,嘉定区南苑中学,716.00
嘉定区,上海市嘉定区第一中学,嘉定区黄渡中学,722.50
嘉定区,上海市嘉定区第一中学,嘉定区徐行中学,697.50
嘉定区,上海市嘉定区第一中学,嘉定区马陆才联合中学,703.50
嘉定区,上海市嘉定区第一中学,民办嘉一联合中学,726.50
嘉定区,上海市嘉定区第一中学,嘉定区丰庄中学,709.50
嘉定区,上海市嘉定区第一中学,嘉定区外冈中学,693.50
嘉定区,上海市嘉定区第一中学,民办华曜嘉定初级中学,722.00
嘉定区,上海市嘉定区第一中学,嘉定区震川中学,725.00
嘉定区,上海市嘉定区第一中学,大学附属嘉定留云中学,720.00
嘉定区,上海市嘉定区第一中学,交大附中附属嘉定德富中学,714.50
嘉定区,上海市嘉定区第一中学,同济大学附属实验中学,719.00
嘉定区,上海市嘉定区第一中学,嘉定区华江中学,725.50
嘉定区,上海市嘉定区第一中学,嘉定区新城实验中学,722.50
嘉定区,上海市嘉定区第一中学,嘉定区南翔中学,723.00
嘉定区,上海市嘉定区第一中学,嘉定区疁城实验学校,724.50
嘉定区,上海市嘉定区第一中学,民办桃李园实验学校,725.50
嘉定区,上海市嘉定区第一中学,嘉定区华亭学校,709.00
嘉定区,上海市嘉定区第一中学,嘉定区娄塘学校,705.00
嘉定区,上海市嘉定区第一中学,外国语大学嘉定外国语学校,725.00
浦东新区,华东师范大学第二附属中学,浦兴中学,757.00
浦东新区,上海市浦东复旦附中分校,陆行中学北校,752.50
浦东新区,上海市浦东复旦附中分校,致远中学,753.00
浦东新区,上海市浦东复旦附中分校,浦东新区进才实验中学南校,720.00
浦东新区,上海市浦东复旦附中分校,蔡路中学,714.50
浦东新区,上海市浦东复旦附中分校,六团中学,717.00
浦东新区,上海市浦东复旦附中分校,戏剧学附属浦东实验中学,701.50
浦东新区,上海市浦东复旦附中分校,浦兴中学,754.50
浦东新区,上海中学东校,致远中学,735.00
浦东新区,上海师范大学附属中学,致远中学,744.50
浦东新区,上海中学东校,浦东新区进才实验中学南校,714.50
浦东新区,上海师范大学附属中学,浦东新区进才实验中学南校,693.00
浦东新区,上海交通大学附属中学,蔡路中学,724.00
浦东新区,上海中学东校,蔡路中学,704.50
浦东新区,上海中学东校,六团中学,663.50
浦东新区,上海市上海中学,新云台中学,763.00
浦东新区,上海市上海中学,建平香梅中学,757.50
嘉定区,上海市嘉定区第一中学,嘉定区练川实验学校,720.00
嘉定区,上海市嘉定区第一中学,华旭双语学校,685.50
嘉定区,上海市嘉定区第一中学,中科实验学校,733.00
嘉定区,上海市嘉定区第一中学,嘉定区世界外国语学校,728.00
青浦区,上海市青浦高级中学,五浦汇实验学校,715.50
崇明区,上海市实验学校东滩高级中学,新纪元双语学校,706.50
崇明区,上海市实验学校东滩高级中学,实验学校附属东滩学校,703.50
浦东新区,上海市浦东复旦附中分校,华东师范大学附属东昌中学南校,755.00
浦东新区,上海市浦东复旦附中分校,金川中学,738.50
浦东新区,上海市浦东复旦附中分校,川沙中学华夏西校,752.00
浦东新区,上海市浦东复旦附中分校,浦东新区民办恒洋外国语学校,746.50
浦东新区,上海市浦东复旦附中分校,浦东新区民办欣竹中学,755.50
浦东新区,上海市浦东复旦附中分校,新云台中学,725.00
浦东新区,上海市浦东复旦附中分校,杨思中学,749.50
浦东新区,上海市浦东复旦附中分校,民办浦东交中初级中学,755.50
浦东新区,上海市浦东复旦附中分校,建平香梅中学,750.50
奉贤区,上海市格致中学（奉贤校区）,奉贤区尚同中学,703.50
奉贤区,上海市格致中学（奉贤校区）,奉贤中学附属三官堂学校,718.00
浦东新区,上海师范大学附属中学,浦东新区民办恒洋外国语学校,724.00
浦东新区,上海中学东校,浦东新区民办欣竹中学,733.00
浦东新区,上海师范大学附属中学,浦东新区民办欣竹中学,732.50
浦东新区,上海中学东校,新云台中学,688.00
浦东新区,上海中学东校,陆行中学南校,734.00
浦东新区,上海师范大学附属中学,陆行中学南校,736.00
浦东新区,上海中学东校,杨思中学,715.50
浦东新区,上海师范大学附属中学,杨思中学,727.50
浦东新区,上海中学东校,民办浦东交中初级中学,728.50
浦东新区,上海中学东校,建平香梅中学,735.00
浦东新区,华东师范大学第二附属中学临港奉贤分校,新港中学,695.50
浦东新区,华东师范大学第二附属中学临港奉贤分校,书中学,684.50
浦东新区,华东师范大学第二附属中学临港奉贤分校,大团中学,658.00
浦东新区,上海市浦东复旦附中分校,南汇第二中学,757.00
浦东新区,上海市浦东复旦附中分校,南汇第三中学,744.50
浦东新区,上海市浦东复旦附中分校,新港中学,725.50
浦东新区,复旦大学附属中学,新港中学,705.50
浦东新区,上海市浦东复旦附中分校,书中学,713.00
浦东新区,上海市浦东复旦附中分校,大团中学,715.50
浦东新区,上海市浦东复旦附中分校,坦直中学,684.00
虹口区,上海财经大学附属北郊高级中学,曲阳第二中学,709.00
虹口区,上海财经大学附属北郊高级中学,音乐学虹口区实验中学,695.50
虹口区,上海交通大学附属中学,音乐学虹口区实验中学,752.50
虹口区,上海财经大学附属北郊高级中学,南中学,715.00
虹口区,上海财经大学附属北郊高级中学,丰镇中学,703.00
浦东新区,华东师范大学第二附属中学,书中学,729.50
虹口区,上海财经大学附属北郊高级中学,鲁迅初级中学,698.50
虹口区,上海财经大学附属北郊高级中学,继光初级中学,706.00
虹口区,上海财经大学附属北郊高级中学,华东师范大学第一附属初级中学,704.50
虹口区,上海交通大学附属中学,华东师范大学第一附属初级中学,753.00
浦东新区,复旦大学附属中学,大团中学,712.00
虹口区,上海财经大学附属北郊高级中学,第五十二中学,692.00
虹口区,上海财经大学附属北郊高级中学,师范大学附属虹口中学,704.50
虹口区,上海财经大学附属北郊高级中学,同济大学附属澄衷中学,691.50
虹口区,上海财经大学附属北郊高级中学,民办迅行中学,706.50
虹口区,上海财经大学附属北郊高级中学,外国语大学第一实验学校,688.50
虹口区,上海交通大学附属中学,外国语大学第一实验学校,754.00
虹口区,上海财经大学附属北郊高级中学,北郊学校,700.00
浦东新区,上海交通大学附属中学,南汇第二中学,758.00
浦东新区,华东师范大学第二附属中学,坦直中学,699.00
浦东新区,上海中学东校,南汇第二中学,738.50
浦东新区,上海交通大学附属中学,南汇第三中学,742.00
浦东新区,上海中学东校,南汇第三中学,745.00
浦东新区,上海中学东校,新港中学,719.50
浦东新区,上海中学东校,书中学,713.50
浦东新区,上海中学东校,大团中学,703.00
浦东新区,上海中学东校,坦直中学,706.00
浦东新区,上海中学东校,傅雷中学,736.50
浦东新区,华东师范大学第二附属中学,傅雷中学,758.00
浦东新区,华东师范大学第二附属中学临港奉贤分校,中学东校,727.00
浦东新区,上海市浦东复旦附中分校,澧溪中学,750.50
浦东新区,上海市浦东复旦附中分校,六灶中学,756.50
浦东新区,上海市浦东复旦附中分校,浦东发展研究附属中学,672.50
浦东新区,上海市浦东复旦附中分校,南汇第四中学,757.50
浦东新区,上海市浦东复旦附中分校,中学东校,757.50
浦东新区,上海市浦东复旦附中分校,浦东模范中学东校,744.50
虹口区,上海财经大学附属北郊高级中学,长青学校,702.50
虹口区,上海财经大学附属北郊高级中学,虹口实验学校,700.00
虹口区,上海财经大学附属北郊高级中学,世外附属虹口区欧阳学校,690.50
杨浦区,上海交通大学附属中学,铁岭中学,757.50
杨浦区,上海交通大学附属中学,鞍山初级中学,757.00
闵行区,上海交通大学附属中学闵行分校,闵行区莘松中学,750.00
闵行区,上海交通大学附属中学闵行分校,闵行区浦江第三中学,709.00
闵行区,上海师范大学附属中学,闵行区浦江第三中学,710.00
闵行区,上海师范大学附属中学闵行分校,闵行第四中学,714.50
浦东新区,复旦大学附属中学,南汇第四中学,753.00
闵行区,上海交通大学附属中学闵行分校,闵行第四中学,731.00
闵行区,上海师范大学附属中学,闵行第四中学,691.50
闵行区,上海师范大学附属中学闵行分校,闵行区颛桥中学,730.50
闵行区,上海交通大学附属中学闵行分校,闵行区颛桥中学,755.50
闵行区,上海师范大学附属中学,吴泾中学,744.00
闵行区,上海师范大学附属中学闵行分校,闵行区七宝第三中学,729.00
闵行区,上海交通大学附属中学闵行分校,闵行区七宝第三中学,741.50
闵行区,上海师范大学附属中学闵行分校,闵行区田园外国语中学,728.00
浦东新区,华东师范大学第二附属中学,中学东校,753.50
闵行区,上海交通大学附属中学闵行分校,闵行区田园外国语中学,750.50
闵行区,上海师范大学附属中学闵行分校,闵行中学附属实验中学,730.50
闵行区,上海交通大学附属中学闵行分校,闵行中学附属实验中学,746.50
闵行区,上海师范大学附属中学,民办宝中学,732.50
闵行区,上海师范大学附属中学闵行分校,七宝中学附属鑫都实验中学,733.00
浦东新区,上海中学东校,澧溪中学,728.00
浦东新区,上海中学东校,六灶中学,724.50
浦东新区,上海中学东校,南汇第四中学,737.00
浦东新区,上海中学东校,中学东校,739.00
浦东新区,上海交通大学附属中学,浦东模范中学东校,754.50
浦东新区,上海中学东校,浦东模范中学东校,734.50
浦东新区,上海中学东校,北蔡中学,736.00
浦东新区,华东师范大学第二附属中学临港奉贤分校,临港第一中学,732.00
浦东新区,华东师范大学第二附属中学临港奉贤分校,临港实验中学,727.50
浦东新区,复旦大学附属中学,临港第一中学,757.00
浦东新区,上海市浦东复旦附中分校,临港第一中学,748.00
浦东新区,上海市浦东复旦附中分校,民办光华中学,730.50
浦东新区,上海市浦东复旦附中分校,南汇第五中学,741.50
浦东新区,上海市浦东复旦附中分校,浦东新区进才中学南校,750.00
浦东新区,上海市浦东复旦附中分校,临港实验中学,733.00
浦东新区,上海市浦东复旦附中分校,浦东新区进才中学东校,741.00
闵行区,上海交通大学附属中学闵行分校,七宝中学附属鑫都实验中学,753.00
闵行区,上海交通大学附属中学,文来中学,757.50
闵行区,上海师范大学附属中学闵行分校,文来中学,733.50
闵行区,上海交通大学附属中学闵行分校,文来中学,749.00
闵行区,上海师范大学附属中学闵行分校,闵行区纪王学校,740.50
闵行区,上海交通大学附属中学闵行分校,闵行区纪王学校,746.50
闵行区,上海师范大学附属中学闵行分校,马桥强恕学校,724.00
闵行区,上海交通大学附属中学闵行分校,马桥强恕学校,716.50
闵行区,上海师范大学附属中学闵行分校,古美学校,714.50
闵行区,上海交通大学附属中学闵行分校,闵行区君莲学校,745.00
闵行区,上海师范大学附属中学闵行分校,闵行区华漕学校,730.00
闵行区,上海交通大学附属中学闵行分校,闵行区华漕学校,745.50
闵行区,上海师范大学附属中学闵行分校,世外附属浦江外国语学校,745.00
闵行区,上海交通大学附属中学闵行分校,世外附属浦江外国语学校,762.50
闵行区,上海师范大学附属中学闵行分校,民办德英乐实验学校,731.00
闵行区,上海交通大学附属中学闵行分校,民办德英乐实验学校,756.50
闵行区,上海交通大学附属中学,燎原双语学校,727.00
闵行区,上海师范大学附属中学闵行分校,燎原双语学校,702.50
闵行区,上海交通大学附属中学闵行分校,燎原双语学校,734.50
闵行区,上海师范大学附属中学闵行分校,民办协和双语尚音学校,725.50
浦东新区,上海中学东校,临港第一中学,740.00
浦东新区,上海中学东校,民办光华中学,695.00
浦东新区,上海中学东校,南汇第五中学,733.00
浦东新区,上海中学东校,浦东新区进才中学南校,723.00
浦东新区,上海交通大学附属中学,临港实验中学,736.00
浦东新区,上海中学东校,临港实验中学,739.50
浦东新区,上海中学东校,浦东新区进才中学东校,733.00
浦东新区,上海中学东校,浦东外国语学校东校,714.00
浦东新区,上海市浦东复旦附中分校,浦东新区三灶实验中学,702.50
浦东新区,上海市浦东复旦附中分校,实验学校南校,752.00
浦东新区,华东师范大学第二附属中学,浦东模范实验中学,753.00
浦东新区,上海市浦东复旦附中分校,浦东新区新场实验中学,741.00
浦东新区,上海市浦东复旦附中分校,浦东新区懿德中学,737.50
浦东新区,上海市浦东复旦附中分校,浦东新区建平培德实验中学,745.00
闵行区,上海交通大学附属中学闵行分校,民办协和双语尚音学校,755.50
宝山区,上海大学附属中学,滨第二中学,723.50
宝山区,上海师范大学附属中学宝山分校,滨第二中学,713.50
宝山区,上海大学附属中学,民办宝莲中学,719.00
宝山区,上海师范大学附属中学宝山分校,民办宝莲中学,733.50
宝山区,上海大学附属中学,吴淞第二中学,685.50
宝山区,上海师范大学附属中学宝山分校,吴淞第二中学,716.00
宝山区,上海大学附属中学,罗泾中学,705.50
宝山区,上海师范大学附属中学宝山分校,罗泾中学,691.00
宝山区,上海交通大学附属中学,罗南中学,752.00
宝山区,上海大学附属中学,罗南中学,720.00
宝山区,上海师范大学附属中学宝山分校,罗南中学,728.50
宝山区,上海师范大学附属中学宝山分校,师范大学附属宝山罗店中学,667.50
宝山区,上海师范大学附属中学宝山分校,宝山中学,737.00
宝山区,上海大学附属中学,顾村中学,705.00
宝山区,上海师范大学附属中学宝山分校,顾村中学,715.50
宝山区,上海师范大学附属中学宝山分校,宝钢新世纪学校,732.50
宝山区,上海大学附属中学,吴淞实验学校,700.00
宝山区,上海师范大学附属中学宝山分校,吴淞实验学校,724.00
宝山区,上海大学附属中学,宝山区天馨学校,701.00
宝山区,上海师范大学附属中学宝山分校,宝山区天馨学校,714.50
浦东新区,华东师范大学第二附属中学,浦东新区懿德中学,739.00
宝山区,上海师范大学附属中学宝山分校,宝山区淞谊实验学校,687.00
宝山区,上海大学附属中学,宝山区鹿鸣学校,708.00
宝山区,上海师范大学附属中学宝山分校,宝山区鹿鸣学校,705.00
宝山区,上海大学附属中学,宝山区庙行实验学校,706.50
宝山区,上海师范大学附属中学宝山分校,宝山区庙行实验学校,726.50
宝山区,上海师范大学附属中学宝山分校,大学附属宝山外国语学校,707.50
浦东新区,华东师范大学第二附属中学,浦东新区建平培德实验中学,750.00
浦东新区,上海中学东校,浦东模范实验中学,741.50
浦东新区,上海中学东校,浦东新区三灶实验中学,716.50
浦东新区,上海中学东校,实验学校南校,737.50
浦东新区,上海交通大学附属中学,浦东新区新场实验中学,745.50
浦东新区,上海中学东校,浦东新区新场实验中学,725.00
浦东新区,上海中学东校,浦东新区懿德中学,708.00
浦东新区,上海中学东校,浦东新区建平培德实验中学,730.00
浦东新区,上海市上海中学,师范大学附属浦东临港中学,745.50
浦东新区,华东师范大学第二附属中学临港奉贤分校,浦东新区建平临港中学,720.50
浦东新区,华东师范大学第二附属中学临港奉贤分校,师范大学附属浦东临港中学,699.50
浦东新区,上海市上海中学,建平实验地杰中学,760.00
浦东新区,上海市浦东复旦附中分校,浦东新区进才森兰实验中学,754.50
浦东新区,上海市浦东复旦附中分校,浦东新区建平临港中学,716.00
浦东新区,华东师范大学第二附属中学,浦东新区建平临港中学,716.00
浦东新区,上海市浦东复旦附中分校,师范大学附属浦东临港中学,726.50
浦东新区,上海市浦东复旦附中分校,建平实验张江中学,753.00
浦东新区,上海市浦东复旦附中分校,浦东新区建平康梧中学,735.00
宝山区,上海大学附属中学,白茅岭学校（白茅岭学校军天湖分校）,708.00
宝山区,上海大学附属中学,外国语大学附属宝山双语学校,722.50
宝山区,上海师范大学附属中学宝山分校,外国语大学附属宝山双语学校,727.50
宝山区,上海师范大学附属中学宝山分校,行知中学附属宝山实验学校,726.00
宝山区,上海大学附属中学,民办至德实验学校,712.00
宝山区,上海师范大学附属中学宝山分校,民办至德实验学校,728.50
宝山区,上海大学附属中学,师范大学附属宝山实验学校,723.50
宝山区,上海师范大学附属中学宝山分校,师范大学附属宝山实验学校,735.50
宝山区,上海交通大学附属中学,师范大学附属宝山潜溪学校,759.00
宝山区,上海师范大学附属中学宝山分校,师范大学附属宝山潜溪学校,723.50
宝山区,上海大学附属中学,宝山区南大实验学校,713.00
宝山区,上海师范大学附属中学宝山分校,宝山区南大实验学校,717.00
宝山区,上海大学附属中学,世外附属宝山美兰湖实验学校,706.50
宝山区,上海师范大学附属中学宝山分校,世外附属宝山美兰湖实验学校,713.00
宝山区,上海大学附属中学,存志附属宝山实验学校,694.50
宝山区,上海师范大学附属中学宝山分校,存志附属宝山实验学校,698.00
宝山区,上海大学附属中学,华东师范大学附属宝山宝杨实验学校,713.00
宝山区,上海师范大学附属中学宝山分校,华东师范大学附属宝山宝杨实验学校,666.50
宝山区,上海大学附属中学,宝山区陈伯吹罗店实验学校,692.00
浦东新区,上海中学东校,浦东新区进才森兰实验中学,736.50
浦东新区,上海中学东校,浦东新区建平临港中学,726.00
浦东新区,华东师范大学第二附属中学,浦东新区建平康梧中学,734.00
浦东新区,上海中学东校,师范大学附属浦东临港中学,711.50
浦东新区,上海中学东校,建平实验地杰中学,736.00
浦东新区,上海中学东校,建平实验张江中学,736.50
浦东新区,上海师范大学附属中学,建平实验张江中学,738.50
浦东新区,上海中学东校,浦东新区建平康梧中学,715.00
浦东新区,上海市浦东复旦附中分校,历城中学,729.00
浦东新区,上海市浦东复旦附中分校,竹园中学,739.50
浦东新区,上海市浦东复旦附中分校,泾南中学,722.00
浦东新区,华东师范大学第二附属中学,竹园中学,755.00
浦东新区,上海市浦东复旦附中分校,香山中学,694.50
浦东新区,上海市浦东复旦附中分校,民中学,742.50
浦东新区,上海市浦东复旦附中分校,立信会计金融学附属高行中学,745.00
宝山区,上海师范大学附属中学宝山分校,宝山区陈伯吹罗店实验学校,728.00
嘉定区,上海交通大学附属中学嘉定分校,嘉定区启良中学,726.50
嘉定区,上海师范大学附属中学嘉定新城分校,嘉定区启良中学,714.00
嘉定区,上海交通大学附属中学嘉定分校,嘉定区方泰中学,733.50
嘉定区,上海师范大学附属中学嘉定新城分校,嘉定区方泰中学,728.50
浦东新区,上海中学东校,南中学东校,731.50
嘉定区,上海交通大学附属中学嘉定分校,民办嘉一联合中学,743.00
嘉定区,上海师范大学附属中学嘉定新城分校,民办嘉一联合中学,723.50
嘉定区,上海交通大学附属中学嘉定分校,嘉定区丰庄中学,730.00
嘉定区,上海师范大学附属中学嘉定新城分校,嘉定区丰庄中学,709.00
嘉定区,上海交通大学附属中学嘉定分校,嘉定区外冈中学,715.50
嘉定区,上海师范大学附属中学嘉定新城分校,嘉定区外冈中学,692.00
嘉定区,上海交通大学附属中学嘉定分校,民办华曜嘉定初级中学,747.50
嘉定区,上海师范大学附属中学嘉定新城分校,民办华曜嘉定初级中学,732.00
嘉定区,上海交通大学附属中学嘉定分校,嘉定区震川中学,733.50
嘉定区,上海师范大学附属中学嘉定新城分校,嘉定区震川中学,716.50
嘉定区,上海交通大学附属中学嘉定分校,大学附属嘉定留云中学,734.00
嘉定区,上海师范大学附属中学嘉定新城分校,大学附属嘉定留云中学,716.00
嘉定区,上海交通大学附属中学嘉定分校,交大附中附属嘉定德富中学,750.00
嘉定区,上海师范大学附属中学嘉定新城分校,交大附中附属嘉定德富中学,725.00
嘉定区,上海交通大学附属中学嘉定分校,同济大学附属实验中学,750.00
嘉定区,上海师范大学附属中学嘉定新城分校,同济大学附属实验中学,726.50
浦东新区,上海中学东校,历城中学,709.00
浦东新区,上海中学东校,竹园中学,712.50
浦东新区,上海中学东校,泾南中学,716.00
浦东新区,上海中学东校,香山中学,682.00
浦东新区,上海中学东校,沪新中学,719.50
浦东新区,上海师范大学附属中学,沪新中学,676.50
浦东新区,上海中学东校,民中学,734.50
浦东新区,上海交通大学附属中学,立信会计金融学附属高行中学,738.50
浦东新区,上海中学东校,立信会计金融学附属高行中学,720.00
浦东新区,上海中学东校,第二工业大学附属龚路中学,715.00
浦东新区,上海市浦东复旦附中分校,第二工业大学附属龚路中学,756.50
浦东新区,上海市浦东复旦附中分校,五三中学,745.50
浦东新区,上海市浦东复旦附中分校,侨光中学,756.00
浦东新区,上海市浦东复旦附中分校,江镇中学,731.50
浦东新区,上海市浦东复旦附中分校,合庆中学,712.00
浦东新区,上海市浦东复旦附中分校,华东师范大学张江实验中学,745.50
浦东新区,上海市浦东复旦附中分校,三林中学东校,707.50
嘉定区,上海交通大学附属中学嘉定分校,嘉定区华江中学,739.00
嘉定区,上海交通大学附属中学嘉定分校,嘉定区苏民学校,749.00
嘉定区,上海师范大学附属中学嘉定新城分校,嘉定区苏民学校,729.50
嘉定区,上海交通大学附属中学嘉定分校,民办远东学校,745.50
嘉定区,上海师范大学附属中学嘉定新城分校,民办远东学校,725.50
嘉定区,上海交通大学附属中学嘉定分校,民办桃李园实验学校,752.00
嘉定区,上海师范大学附属中学嘉定新城分校,民办桃李园实验学校,734.00
嘉定区,上海交通大学附属中学嘉定分校,嘉定区华亭学校,698.00
嘉定区,上海师范大学附属中学嘉定新城分校,嘉定区华亭学校,691.50
嘉定区,上海交通大学附属中学嘉定分校,嘉定区娄塘学校,749.50
嘉定区,上海师范大学附属中学嘉定新城分校,嘉定区娄塘学校,724.50
嘉定区,上海交通大学附属中学嘉定分校,外国语大学嘉定外国语学校,744.50
嘉定区,上海师范大学附属中学嘉定新城分校,外国语大学嘉定外国语学校,728.00
浦东新区,华东师范大学第二附属中学,合庆中学,736.00
嘉定区,上海交通大学附属中学嘉定分校,嘉定区练川实验学校,723.00
嘉定区,上海师范大学附属中学嘉定新城分校,嘉定区练川实验学校,707.00
嘉定区,上海交通大学附属中学嘉定分校,华旭双语学校,745.50
嘉定区,上海师范大学附属中学嘉定新城分校,华旭双语学校,732.00
嘉定区,上海师范大学附属中学,华旭双语学校,730.00
嘉定区,上海交通大学附属中学嘉定分校,中科实验学校,740.00
嘉定区,上海师范大学附属中学嘉定新城分校,中科实验学校,729.00
浦东新区,上海师范大学附属中学,第二工业大学附属龚路中学,736.50
浦东新区,上海中学东校,五三中学,728.00
浦东新区,上海中学东校,侨光中学,741.00
浦东新区,上海师范大学附属中学,侨光中学,732.50
浦东新区,上海中学东校,江镇中学,723.50
浦东新区,上海中学东校,合庆中学,716.50
浦东新区,上海中学东校,华东师范大学张江实验中学,716.50
浦东新区,上海师范大学附属中学,华东师范大学张江实验中学,724.50
浦东新区,上海中学东校,三林中学东校,721.00
浦东新区,华东师范大学第二附属中学临港奉贤分校,泥城中学,685.00
浦东新区,华东师范大学第二附属中学,浦东新区民办正达外国语学校,759.00
浦东新区,上海市浦东复旦附中分校,浦东新区民办正达外国语学校,756.00
浦东新区,上海市浦东复旦附中分校,高东中学,712.00
浦东新区,上海市浦东复旦附中分校,南汇第一中学,757.50
浦东新区,上海市浦东复旦附中分校,老港中学,698.50
浦东新区,上海市浦东复旦附中分校,泥城中学,741.00
浦东新区,上海市浦东复旦附中分校,长岛中学,724.50
嘉定区,上海师范大学附属中学嘉定新城分校,同济大学附属嘉定实验中学,731.00
嘉定区,上海交通大学附属中学,交大附中附属嘉定洪德中学,750.00
嘉定区,上海交通大学附属中学嘉定分校,交大附中附属嘉定洪德中学,737.50
嘉定区,上海师范大学附属中学嘉定新城分校,交大附中附属嘉定洪德中学,723.00
嘉定区,上海交通大学附属中学嘉定分校,嘉定区嘉二实验学校,722.00
嘉定区,上海师范大学附属中学嘉定新城分校,嘉定区嘉二实验学校,717.50
嘉定区,上海交通大学附属中学嘉定分校,嘉定区民办华盛怀少学校,741.50
嘉定区,上海师范大学附属中学嘉定新城分校,嘉定区民办华盛怀少学校,713.50
浦东新区,华东师范大学第二附属中学,老港中学,676.50
浦东新区,上海中学东校,建平中学西校,736.50
浦东新区,上海中学东校,进才中学北校,735.00
浦东新区,上海中学东校,华东师范大学附属东昌中学南校,745.00
浦东新区,上海中学东校,洋泾中学东校,720.00
浦东新区,上海中学东校,金杨中学,730.50
浦东新区,上海中学东校,金川中学,734.50
浦东新区,上海师范大学附属中学,金川中学,711.00
浦东新区,上海中学东校,华林中学,732.00
浦东新区,上海中学东校,杨园中学,730.00
浦东新区,上海中学东校,戏剧学附属浦东实验中学,720.00
浦东新区,上海中学东校,浦兴中学,741.00
浦东新区,上海中学东校,浦东新区民办恒洋外国语学校,722.50
浦东新区,上海中学东校,浦东新区民办正达外国语学校,732.00
浦东新区,上海交通大学附属中学,高东中学,742.00
浦东新区,上海中学东校,高东中学,706.00
浦东新区,上海中学东校,南汇第一中学,727.00
浦东新区,上海中学东校,老港中学,687.50
浦东新区,上海中学东校,泥城中学,731.00
浦东新区,上海中学东校,长岛中学,729.00
浦东新区,上海师范大学附属中学,长岛中学,706.00
浦东新区,上海交通大学附属中学,立信会计金融学附属学校,759.50
浦东新区,上海中学东校,立信会计金融学附属学校,728.00
松江区,上海外国语大学附属外国语学校松江云间中学,领科双语学校,727.50
松江区,上海师范大学附属中学松江分校,松江区洞泾学校,729.50
松江区,上海外国语大学附属外国语学校松江云间中学,松江区洞泾学校,721.50
松江区,上海师范大学附属中学松江分校,松江区李塔汇学校,720.00
浦东新区,上海市上海中学,民办金苹果学校,756.50
浦东新区,上海市浦东复旦附中分校,立信会计金融学附属学校,748.50
浦东新区,上海市浦东复旦附中分校,绿川学校,735.00
浦东新区,上海市浦东复旦附中分校,洋泾菊园实验学校,756.50
浦东新区,上海市浦东复旦附中分校,民办平和学校,756.50
浦东新区,华东师范大学第二附属中学,洋泾菊园实验学校,758.50
浦东新区,上海市浦东复旦附中分校,川沙中学南校,754.00
浦东新区,上海市浦东复旦附中分校,建平实验中学,757.50
浦东新区,上海市浦东复旦附中分校,民办金苹果学校,739.50
浦东新区,上海中学东校,绿川学校,731.00
浦东新区,上海中学东校,洋泾菊园实验学校,734.50
浦东新区,上海中学东校,民办平和学校,735.00
浦东新区,上海中学东校,川沙中学南校,738.00
浦东新区,上海师范大学附属中学,川沙中学南校,746.00
浦东新区,上海中学东校,建平实验中学,733.50
浦东新区,上海师范大学附属中学,建平实验中学,732.50
浦东新区,上海中学东校,民办金苹果学校,729.00
浦东新区,上海中学东校,民办启能东方外国语学校,726.00
松江区,上海外国语大学附属外国语学校松江云间中学,松江区李塔汇学校,727.00
松江区,上海交通大学附属中学,松江区古松学校,715.00
松江区,上海师范大学附属中学,东华大学附属实验学校松江小昆山分校,724.50
松江区,上海师范大学附属中学松江分校,东华大学附属实验学校松江小昆山分校,714.00
松江区,上海外国语大学附属外国语学校松江云间中学,东华大学附属实验学校松江小昆山分校,715.50
松江区,上海师范大学附属中学松江分校,松江区仓桥学校,727.50
松江区,上海外国语大学附属外国语学校松江云间中学,松江区仓桥学校,726.50
松江区,上海师范大学附属中学松江分校,松江区佘山学校,725.50
松江区,上海外国语大学附属外国语学校松江云间中学,松江区佘山学校,724.50
松江区,上海师范大学附属中学松江分校,三新学校,740.50
浦东新区,复旦大学附属中学,民办启能东方外国语学校,757.50
浦东新区,上海市上海中学,浦东新区民办协和双语学校,754.50
浦东新区,上海市浦东复旦附中分校,民办启能东方外国语学校,751.50
浦东新区,华东师范大学第二附属中学,民办中芯学校,754.00
浦东新区,上海市浦东复旦附中分校,民办中芯学校,745.50
浦东新区,上海市浦东复旦附中分校,进才实验中学,757.00
浦东新区,上海市浦东复旦附中分校,实验学校东校,758.50
浦东新区,上海市浦东复旦附中分校,张江集团中学,754.50
浦东新区,上海市浦东复旦附中分校,浦东新区民办协和双语学校,725.50
浦东新区,上海市浦东复旦附中分校,浦东新区建平南汇实验学校,747.00
浦东新区,上海中学东校,民办中芯学校,735.50
浦东新区,上海中学东校,进才实验中学,734.00
浦东新区,上海师范大学附属中学,进才实验中学,737.50
浦东新区,上海中学东校,实验学校东校,728.50
浦东新区,上海中学东校,张江集团中学,737.50
浦东新区,上海中学东校,浦东新区民办协和双语学校,713.00
浦东新区,上海中学东校,浦东新区建平南汇实验学校,718.50
松江区,上海外国语大学附属外国语学校松江云间中学,外国语大学松江外国语学校,730.50
松江区,上海师范大学附属中学松江分校,松江区新浜学校,691.00
松江区,上海外国语大学附属外国语学校松江云间中学,松江区新浜学校,699.00
浦东新区,复旦大学附属中学,张江集团中学,757.00
松江区,上海师范大学附属中学松江分校,东华大学附属实验学校,736.50
松江区,上海外国语大学附属外国语学校松江云间中学,东华大学附属实验学校,732.50
松江区,上海外国语大学附属外国语学校松江云间中学,松江区新闵学校,732.00
松江区,上海师范大学附属中学松江分校,师范大学附属松江实验学校,727.50
松江区,上海外国语大学附属外国语学校松江云间中学,师范大学附属松江实验学校,736.00
松江区,上海师范大学附属中学松江分校,工程技术大学附属松江泗泾实验学校,742.00
松江区,上海外国语大学附属外国语学校松江云间中学,工程技术大学附属松江泗泾实验学校,728.50
松江区,上海师范大学附属中学松江分校,三新学校松江思贤分校,721.50
松江区,上海外国语大学附属外国语学校松江云间中学,三新学校松江思贤分校,734.50
浦东新区,华东师范大学第二附属中学临港奉贤分校,浦东新区彭镇中学,706.50
浦东新区,华东师范大学第二附属中学临港奉贤分校,秋萍学校,721.50
浦东新区,华东师范大学第二附属中学临港奉贤分校,三墩学校,657.50
浦东新区,华东师范大学第二附属中学临港奉贤分校,浦东新区进才万祥学校,695.00
浦东新区,华东师范大学第二附属中学,黄路学校,755.00
浦东新区,上海市浦东复旦附中分校,三灶学校,718.50
浦东新区,上海市浦东复旦附中分校,黄路学校,706.00
浦东新区,上海市浦东复旦附中分校,浦东新区彭镇中学,745.50
浦东新区,上海市浦东复旦附中分校,秋萍学校,723.00
浦东新区,华东师范大学第二附属中学,浦东新区彭镇中学,729.50
浦东新区,上海市浦东复旦附中分校,三墩学校,717.00
浦东新区,上海市浦东复旦附中分校,浦东新区进才万祥学校,716.50
浦东新区,上海市浦东复旦附中分校,宣桥学校,726.00
浦东新区,上海中学东校,三灶学校,729.00
浦东新区,上海中学东校,黄路学校,713.00
浦东新区,上海中学东校,浦东新区彭镇中学,712.50
浦东新区,上海交通大学附属中学,秋萍学校,732.00
浦东新区,上海中学东校,秋萍学校,684.00
浦东新区,上海中学东校,浦东新区进才万祥学校,709.50
浦东新区,上海中学东校,宣桥学校,737.00
浦东新区,上海师范大学附属中学,宣桥学校,724.50
松江区,上海师范大学附属中学松江分校,三新学校松江东部分校,729.00
松江区,上海外国语大学附属外国语学校松江云间中学,三新学校松江东部分校,738.50
浦东新区,上海市浦东复旦附中分校,航头学校,743.50
浦东新区,上海市浦东复旦附中分校,实验学校附属光明学校,741.00
浦东新区,上海市浦东复旦附中分校,康城学校,749.00
浦东新区,上海市浦东复旦附中分校,中医药大学附属浦东鹤沙学校,752.00
浦东新区,上海市浦东复旦附中分校,浦东新区民办东鼎外国语学校,742.50
浦东新区,上海中学东校,航头学校,727.00
浦东新区,上海师范大学附属中学,航头学校,715.50
浦东新区,上海交通大学附属中学,周浦才学校,734.00
浦东新区,上海中学东校,周浦才学校,698.00
浦东新区,上海交通大学附属中学,实验学校附属光明学校,738.50
浦东新区,上海中学东校,实验学校附属光明学校,716.00
浦东新区,上海中学东校,康城学校,727.00
浦东新区,上海师范大学附属中学,康城学校,736.00
浦东新区,上海中学东校,中医药大学附属浦东鹤沙学校,697.00
浦东新区,上海中学东校,民办尚德实验学校,738.00
浦东新区,华东师范大学第二附属中学,东学校,672.50
浦东新区,上海市上海中学,民办华曜浦东实验学校,755.50
浦东新区,上海市浦东复旦附中分校,民办尚德实验学校,756.00
浦东新区,上海市浦东复旦附中分校,浦东新区民办远翔实验学校,752.00
浦东新区,上海市浦东复旦附中分校,浦东新区民办进德外国语中学,752.00
浦东新区,复旦大学附属中学,浦东新区民办进德外国语中学,759.00
浦东新区,上海市浦东复旦附中分校,周浦实验学校,752.00
浦东新区,上海市浦东复旦附中分校,浦东新区民办更新学校,730.00
浦东新区,上海市浦东复旦附中分校,民办华曜浦东实验学校,752.00
浦东新区,上海市浦东复旦附中分校,华东师范大学第二附属中学前滩学校,755.50
浦东新区,上海中学东校,浦东新区民办远翔实验学校,729.50
浦东新区,上海师范大学附属中学,浦东新区民办远翔实验学校,714.00
浦东新区,复旦大学附属中学,周浦实验学校,754.00
浦东新区,上海中学东校,浦东新区民办进德外国语中学,732.00
浦东新区,上海中学东校,周浦实验学校,729.50
浦东新区,上海中学东校,民办华曜浦东实验学校,732.50
浦东新区,上海中学东校,华东师范大学第二附属中学前滩学校,736.50
浦东新区,上海中学东校,浦东新区民办宏文学校,698.50
浦东新区,上海市浦东复旦附中分校,浦东新区民办宏文学校,732.50
浦东新区,上海市浦东复旦附中分校,科技大学附属学校,752.00
浦东新区,上海市浦东复旦附中分校,浦东民办未来科技学校,755.50
浦东新区,上海中学东校,科技大学附属学校,738.00
浦东新区,上海中学东校,浦东民办未来科技学校,731.00
浦东新区,华东师范大学第二附属中学,浦东民办未来科技学校,757.00
金山区,华东师范大学第三附属中学,罗星中学,687.50
金山区,华东师范大学第三附属中学,松隐中学,680.50
金山区,华东师范大学第三附属中学,亭新中学,692.50
金山区,华东师范大学第三附属中学,漕泾中学,674.00
金山区,华东师范大学第二附属中学,山阳中学,724.00
金山区,华东师范大学第三附属中学,山阳中学,666.50
金山区,华东师范大学第三附属中学,张堰第二中学,699.50
金山区,华东师范大学第三附属中学,蒙山中学,702.00
金山区,复旦大学附属中学,金山区学附属中学,744.00
金山区,华东师范大学第三附属中学,金山区学附属中学,699.50
金山区,华东师范大学第三附属中学,金山初级中学,703.00
金山区,华东师范大学第三附属中学,西林中学,700.50
金山区,华东师范大学第三附属中学,朱行中学,699.00
金山区,华东师范大学第三附属中学,金山区健桥实验中学,694.50
金山区,华东师范大学第三附属中学,金山区青少年业余体学校,663.50
金山区,华东师范大学第三附属中学,同凯中学,702.50
金山区,上海师范大学附属中学,师范大学附属金山前京中学,737.00
金山区,华东师范大学第三附属中学,金山实验中学,696.50
金山区,上海市上海中学,金山实验中学,746.50
金山区,上海交通大学附属中学,民办金盟学校,749.00
金山区,华东师范大学第三附属中学,师范大学附属金山前京中学,707.00
松江区,上海师范大学附属中学松江分校,松江区第七中学,730.50
金山区,华东师范大学第三附属中学,华东师范大学附属枫泾中学,687.50
松江区,上海外国语大学附属外国语学校松江云间中学,松江区第七中学,733.50
金山区,华东师范大学第三附属中学,金卫中学,690.50
松江区,上海师范大学附属中学松江分校,对外经贸大学附属松江实验学校花园分校,732.00
金山区,华东师范大学第三附属中学,民办永昌中学,657.50
松江区,上海外国语大学附属外国语学校松江云间中学,对外经贸大学附属松江实验学校花园分校,733.00
金山区,华东师范大学第三附属中学,干巷学校,713.00
松江区,上海师范大学附属中学松江分校,松江区第五中学,742.50
金山区,华东师范大学第三附属中学,新农学校,685.50
松江区,上海外国语大学附属外国语学校松江云间中学,松江区第五中学,729.50
金山区,华东师范大学第三附属中学,民办金盟学校,698.50
松江区,上海师范大学附属中学松江分校,松江四中初级中学,712.00
松江区,上海外国语大学附属外国语学校松江云间中学,松江四中初级中学,726.50
金山区,华东师范大学第三附属中学,金山区世外学校,693.00
松江区,上海师范大学附属中学松江分校,松江区九亭中学,732.50
金山区,华东师范大学第三附属中学,金山区吕巷学校,681.50
松江区,上海外国语大学附属外国语学校松江云间中学,松江区九亭中学,733.50
金山区,华东师范大学第三附属中学,金山区钱圩学校,661.00
松江区,华东师范大学第二附属中学松江分校,松江区第七中学,751.50
松江区,华东师范大学第二附属中学松江分校,对外经贸大学附属松江实验学校花园分校,754.00
松江区,华东师范大学第二附属中学松江分校,松江区第五中学,756.00
松江区,华东师范大学第二附属中学松江分校,松江四中初级中学,752.50
松江区,华东师范大学第二附属中学松江分校,松江区九亭中学,752.50
松江区,华东师范大学第二附属中学松江分校,松江区第六中学,750.50
松江区,上海市上海中学,松江区李塔汇学校,730.50
松江区,上海师范大学附属中学松江分校,松江区第六中学,711.50
松江区,上海外国语大学附属外国语学校松江云间中学,松江区第六中学,733.50
松江区,华东师范大学第二附属中学松江分校,松江区九亭第二中学,758.50
松江区,上海师范大学附属中学松江分校,松江区九亭第二中学,726.50
松江区,上海外国语大学附属外国语学校松江云间中学,松江区九亭第二中学,732.00
松江区,华东师范大学第二附属中学松江分校,外国语大学附属外国语学校松江云间中学,758.50
松江区,上海师范大学附属中学松江分校,外国语大学附属外国语学校松江云间中学,726.00
松江区,上海外国语大学附属外国语学校松江云间中学,外国语大学附属外国语学校松江云间中学,728.50
松江区,华东师范大学第二附属中学松江分校,松江区新桥中学,735.50
松江区,上海交通大学附属中学,松江区新桥中学,745.00
松江区,上海师范大学附属中学松江分校,松江区新桥中学,708.00
松江区,华东师范大学第二附属中学松江分校,松江区民办茸一中学,751.00
松江区,上海外国语大学附属外国语学校松江云间中学,松江区新桥中学,729.00
松江区,复旦大学附属中学,松江九峰实验学校,758.00
松江区,上海师范大学附属中学松江分校,松江区民办茸一中学,726.50
松江区,华东师范大学第二附属中学松江分校,松江九峰实验学校,755.00
松江区,上海外国语大学附属外国语学校松江云间中学,松江区民办茸一中学,734.00
松江区,复旦大学附属中学,领科双语学校,758.50
松江区,上海师范大学附属中学松江分校,松江九峰实验学校,739.50
松江区,华东师范大学第二附属中学松江分校,领科双语学校,752.00
松江区,上海外国语大学附属外国语学校松江云间中学,松江九峰实验学校,733.50
松江区,上海师范大学附属中学松江分校,领科双语学校,741.00
松江区,华东师范大学第二附属中学松江分校,松江区洞泾学校,758.00
松江区,华东师范大学第二附属中学松江分校,松江区李塔汇学校,729.00
松江区,华东师范大学第二附属中学松江分校,松江区古松学校,681.50
松江区,上海市上海中学,三新学校,760.00
松江区,上海师范大学附属中学松江分校,松江区古松学校,672.00
松江区,华东师范大学第二附属中学松江分校,松江区泖港学校,739.00
松江区,上海外国语大学附属外国语学校松江云间中学,松江区古松学校,683.50
松江区,上海师范大学附属中学,松江区泖港学校,728.00
松江区,华东师范大学第二附属中学松江分校,松江区民乐学校,760.00
松江区,上海师范大学附属中学松江分校,松江区泖港学校,718.00
松江区,上海外国语大学附属外国语学校松江云间中学,松江区泖港学校,717.50
松江区,华东师范大学第二附属中学松江分校,松江区泗泾实验学校,754.50
松江区,上海师范大学附属中学松江分校,松江区民乐学校,725.50
松江区,上海外国语大学附属外国语学校松江云间中学,松江区民乐学校,734.50
松江区,华东师范大学第二附属中学松江分校,松江区佘山外国语实验学校,747.00
松江区,上海师范大学附属中学松江分校,松江区泗泾实验学校,731.00
松江区,上海外国语大学附属外国语学校松江云间中学,松江区泗泾实验学校,739.50
松江区,华东师范大学第二附属中学松江分校,松江区五厍学校,738.50
松江区,上海师范大学附属中学松江分校,松江区佘山外国语实验学校,716.00
松江区,上海外国语大学附属外国语学校松江云间中学,松江区佘山外国语实验学校,728.00
松江区,华东师范大学第二附属中学松江分校,东华大学附属实验学校松江小昆山分校,747.00
松江区,上海师范大学附属中学松江分校,松江区五厍学校,687.50
松江区,上海外国语大学附属外国语学校松江云间中学,松江区五厍学校,709.50
松江区,华东师范大学第二附属中学松江分校,松江区仓桥学校,753.50
松江区,华东师范大学第二附属中学,松江区佘山学校,752.50
松江区,华东师范大学第二附属中学松江分校,松江区佘山学校,726.00
松江区,华东师范大学第二附属中学松江分校,三新学校,755.50
松江区,上海外国语大学附属外国语学校松江云间中学,三新学校,733.00
松江区,华东师范大学第二附属中学松江分校,世外附属松江区车墩学校,755.00
松江区,上海师范大学附属中学松江分校,世外附属松江区车墩学校,711.50
松江区,上海外国语大学附属外国语学校松江云间中学,世外附属松江区车墩学校,732.00
松江区,华东师范大学第二附属中学松江分校,松江区张泽学校,743.00
松江区,上海师范大学附属中学松江分校,松江区张泽学校,715.50
松江区,上海外国语大学附属外国语学校松江云间中学,松江区张泽学校,712.00
松江区,华东师范大学第二附属中学松江分校,松江区天马山学校,751.00
松江区,上海师范大学附属中学松江分校,松江区天马山学校,725.00
松江区,上海外国语大学附属外国语学校松江云间中学,松江区天马山学校,718.50
松江区,华东师范大学第二附属中学松江分校,戏剧学附属松江实验学校,738.00
松江区,上海师范大学附属中学松江分校,戏剧学附属松江实验学校,724.50
松江区,上海外国语大学附属外国语学校松江云间中学,戏剧学附属松江实验学校,729.50
松江区,华东师范大学第二附属中学松江分校,西外外国语学校,756.00
松江区,上海交通大学附属中学,西外外国语学校,760.50
松江区,上海师范大学附属中学松江分校,西外外国语学校,733.50
松江区,华东师范大学第二附属中学松江分校,松江区叶榭学校,707.00
松江区,上海外国语大学附属外国语学校松江云间中学,西外外国语学校,734.00
松江区,上海师范大学附属中学松江分校,松江区叶榭学校,723.50
松江区,华东师范大学第二附属中学松江分校,外国语大学松江外国语学校,756.50
松江区,上海外国语大学附属外国语学校松江云间中学,松江区叶榭学校,722.00
松江区,华东师范大学第二附属中学,松江区新浜学校,715.00
松江区,上海师范大学附属中学松江分校,外国语大学松江外国语学校,731.00
松江区,华东师范大学第二附属中学松江分校,松江区新浜学校,706.50
松江区,华东师范大学第二附属中学松江分校,东华大学附属实验学校,753.50
松江区,华东师范大学第二附属中学松江分校,赫贤学校,713.50
松江区,华东师范大学第二附属中学松江分校,华东政法大学附属松江实验学校,753.50
松江区,华东师范大学第二附属中学松江分校,松江区新闵学校,755.50
松江区,华东师范大学第二附属中学松江分校,师范大学附属松江实验学校,761.50
青浦区,上海市青浦高级中学,青浦区实验中学,718.50
青浦区,上海市青浦高级中学,青浦区东方中学,722.00
松江区,华东师范大学第二附属中学松江分校,工程技术大学附属松江泗泾实验学校,759.00
青浦区,上海市青浦高级中学,青浦区尚美中学,718.50
青浦区,上海市青浦高级中学,青浦区徐泾中学,714.00
松江区,华东师范大学第二附属中学松江分校,三新学校松江思贤分校,760.00
青浦区,上海市青浦高级中学,青浦区凤溪中学,726.50
青浦区,上海市青浦高级中学,青浦区重固中学,702.50
松江区,华东师范大学第二附属中学松江分校,三新学校松江东部分校,758.00
松江区,上海师范大学附属中学松江分校,赫贤学校,703.00
青浦区,复旦大学附属中学青浦分校,青浦区实验中学,746.50
松江区,上海外国语大学附属外国语学校松江云间中学,赫贤学校,672.00
青浦区,复旦大学附属中学青浦分校,青浦区东方中学,743.50
松江区,上海师范大学附属中学松江分校,华东政法大学附属松江实验学校,738.50
青浦区,复旦大学附属中学青浦分校,青浦区尚美中学,744.50
松江区,上海外国语大学附属外国语学校松江云间中学,华东政法大学附属松江实验学校,734.50
青浦区,复旦大学附属中学青浦分校,青浦区徐泾中学,736.50
松江区,上海师范大学附属中学松江分校,松江区新闵学校,729.50
青浦区,复旦大学附属中学,青浦区凤溪中学,748.50
青浦区,复旦大学附属中学青浦分校,青浦区凤溪中学,745.00
青浦区,复旦大学附属中学青浦分校,青浦区重固中学,740.00
青浦区,上海市上海中学,青浦区白鹤中学,740.00
青浦区,复旦大学附属中学青浦分校,青浦区豫才中学,746.00
青浦区,复旦大学附属中学青浦分校,青浦区华新中学,735.00
青浦区,复旦大学附属中学青浦分校,青浦区白鹤中学,720.00
青浦区,复旦大学附属中学青浦分校,青浦区珠溪中学,734.00
青浦区,复旦大学附属中学青浦分校,青浦区沈巷中学,738.50
青浦区,复旦大学附属中学青浦分校,青浦区颜安中学,728.00
青浦区,复旦大学附属中学青浦分校,青浦区金泽中学,750.50
青浦区,复旦大学附属中学青浦分校,政法学附属青浦崧淀中学,728.00
青浦区,复旦大学附属中学青浦分校,学会青浦清河湾中学,745.00
青浦区,复旦大学附属中学青浦分校,青浦区学附属中学,731.00
青浦区,复旦大学附属中学青浦分校,青浦区第一中学,748.00
青浦区,复旦大学附属中学青浦分校,青浦区崧泽学校,729.50
青浦区,复旦大学附属中学青浦分校,博文学校,736.50
青浦区,复旦大学附属中学青浦分校,青浦区少年业余体学校,747.00
青浦区,复旦大学附属中学青浦分校,毓秀学校,743.00
青浦区,复旦大学附属中学青浦分校,宋庆龄学校,746.50
青浦区,上海市青浦高级中学,青浦区豫才中学,721.50
青浦区,上海市青浦高级中学,青浦区华新中学,714.00
青浦区,上海市青浦高级中学,青浦区白鹤中学,708.50
青浦区,上海市青浦高级中学,青浦区珠溪中学,705.50
青浦区,上海市青浦高级中学,青浦区沈巷中学,689.50
青浦区,上海市青浦高级中学,青浦区颜安中学,697.50
青浦区,上海市青浦高级中学,青浦区金泽中学,679.00
青浦区,上海市青浦高级中学,政法学附属青浦崧淀中学,709.50
青浦区,上海市青浦高级中学,学会青浦清河湾中学,719.50
青浦区,上海市青浦高级中学,青浦区学附属中学,717.50
青浦区,上海市青浦高级中学,青浦区第一中学,722.50
青浦区,上海市青浦高级中学,青浦区崧泽学校,712.50
青浦区,上海市青浦高级中学,博文学校,705.50
青浦区,上海市青浦高级中学,青浦区少年业余体学校,724.00
青浦区,上海市青浦高级中学,毓秀学校,718.50
青浦区,上海市青浦高级中学,宋庆龄学校,666.00
青浦区,上海师范大学附属中学,青浦区华新中学,726.00
青浦区,上海交通大学附属中学,青浦区珠溪中学,748.50
青浦区,上海交通大学附属中学,青浦区第一中学,762.00
青浦区,复旦大学附属中学青浦分校,五浦汇实验学校,749.50
青浦区,复旦大学附属中学青浦分校,青浦区世外学校,749.50
青浦区,复旦大学附属中学青浦分校,青浦平和双语学校,719.00
青浦区,复旦大学附属中学青浦分校,青浦区协和双语学校,733.50
青浦区,华东师范大学第二附属中学,青浦兰生学校,756.50
青浦区,复旦大学附属中学青浦分校,青浦兰生学校,744.50
奉贤区,华东师范大学第二附属中学临港奉贤分校,奉贤区古华中学,718.00
奉贤区,华东师范大学第二附属中学临港奉贤分校,奉贤区实验中学,731.50
奉贤区,华东师范大学第二附属中学,奉贤中学附属南桥中学,738.50
奉贤区,华东师范大学第二附属中学临港奉贤分校,奉贤中学附属南桥中学,716.50
奉贤区,华东师范大学第二附属中学临港奉贤分校,奉贤区汇贤中学,737.50
奉贤区,华东师范大学第二附属中学临港奉贤分校,奉贤区塘外中学,689.00
奉贤区,华东师范大学第二附属中学临港奉贤分校,奉贤区青村中学,743.00
奉贤区,华东师范大学第二附属中学临港奉贤分校,奉贤区奉城第二中学,717.50
奉贤区,华东师范大学第二附属中学临港奉贤分校,奉贤区洪庙中学,719.50
奉贤区,华东师范大学第二附属中学临港奉贤分校,奉贤区四团中学,696.50
青浦区,上海市青浦高级中学,青浦区世外学校,701.00
奉贤区,华东师范大学第二附属中学临港奉贤分校,奉贤区青溪中学,725.00
青浦区,上海市青浦高级中学,青浦平和双语学校,659.00
奉贤区,华东师范大学第二附属中学临港奉贤分校,奉贤区尚同中学,715.00
青浦区,上海市青浦高级中学,青浦区协和双语学校,715.50
青浦区,上海市青浦高级中学,青浦兰生学校,719.50
奉贤区,上海市格致中学（奉贤校区）,奉贤区古华中学,717.00
奉贤区,上海市格致中学（奉贤校区）,奉贤区实验中学,733.00
奉贤区,上海市格致中学（奉贤校区）,奉贤中学附属南桥中学,718.00
奉贤区,上海市格致中学（奉贤校区）,奉贤区汇贤中学,737.50
奉贤区,上海市格致中学（奉贤校区）,奉贤区塘外中学,696.50
奉贤区,上海市格致中学（奉贤校区）,奉贤区青村中学,684.50
奉贤区,上海市格致中学（奉贤校区）,奉贤区奉城第二中学,717.50
奉贤区,上海市格致中学（奉贤校区）,奉贤区头桥中学,657.50
奉贤区,上海市格致中学（奉贤校区）,奉贤区洪庙中学,700.50
奉贤区,上海市格致中学（奉贤校区）,奉贤区四团中学,686.00
奉贤区,上海市格致中学（奉贤校区）,奉贤区青溪中学,724.00
奉贤区,上海市上海中学,奉贤区秀中学,752.00
奉贤区,华东师范大学第二附属中学临港奉贤分校,外国语大学附属奉贤实验中学,727.00
奉贤区,华东师范大学第二附属中学临港奉贤分校,奉贤区崇实中学,727.00
奉贤区,华东师范大学第二附属中学临港奉贤分校,奉贤区待问中学,712.00
奉贤区,华东师范大学第二附属中学临港奉贤分校,奉贤中学附属初级中学,741.00
奉贤区,华东师范大学第二附属中学临港奉贤分校,奉贤区肖塘中学,698.50
奉贤区,复旦大学附属中学,奉贤区秀中学,748.00
奉贤区,华东师范大学第二附属中学临港奉贤分校,奉贤区秀中学,732.50
奉贤区,华东师范大学第二附属中学临港奉贤分校,奉贤区华亭学校,725.00
奉贤区,华东师范大学第二附属中学临港奉贤分校,奉贤区西渡学校,752.00
奉贤区,华东师范大学第二附属中学临港奉贤分校,奉贤区世外学校,711.00
奉贤区,华东师范大学第二附属中学临港奉贤分校,奉贤区柘林学校,719.50
奉贤区,华东师范大学第二附属中学临港奉贤分校,奉贤区阳光外国语学校,725.00
奉贤区,华东师范大学第二附属中学临港奉贤分校,奉贤区庄行学校,723.00
奉贤区,华东师范大学第二附属中学临港奉贤分校,奉贤区邬桥学校,682.00
奉贤区,上海市格致中学（奉贤校区）,外国语大学附属奉贤实验中学,741.00
奉贤区,华东师范大学第二附属中学临港奉贤分校,奉贤区齐贤学校,724.50
奉贤区,上海市格致中学（奉贤校区）,奉贤区崇实中学,733.00
奉贤区,华东师范大学第二附属中学临港奉贤分校,奉贤区泰日学校,714.00
奉贤区,上海市格致中学（奉贤校区）,奉贤区待问中学,713.00
奉贤区,上海市格致中学（奉贤校区）,奉贤中学附属初级中学,735.00
奉贤区,上海市格致中学（奉贤校区）,奉贤区肖塘中学,697.50
奉贤区,上海市格致中学（奉贤校区）,奉贤区秀中学,722.50
奉贤区,上海市格致中学（奉贤校区）,奉贤区华亭学校,717.50
奉贤区,上海市格致中学（奉贤校区）,奉贤区西渡学校,715.00
奉贤区,上海市格致中学（奉贤校区）,奉贤区世外学校,705.00
奉贤区,上海市格致中学（奉贤校区）,奉贤区柘林学校,702.00
奉贤区,上海市格致中学（奉贤校区）,奉贤区阳光外国语学校,719.50
奉贤区,上海市格致中学（奉贤校区）,奉贤区庄行学校,706.00
奉贤区,上海市格致中学（奉贤校区）,奉贤区齐贤学校,697.00
奉贤区,上海市格致中学（奉贤校区）,奉贤区泰日学校,714.50
奉贤区,上海交通大学附属中学,奉贤区崇实中学,753.50
奉贤区,上海师范大学附属中学,奉贤区华亭学校,721.50
奉贤区,华东师范大学第二附属中学临港奉贤分校,奉贤中学附属三官堂学校,724.00
奉贤区,华东师范大学第二附属中学临港奉贤分校,奉贤区钱桥学校,721.00
奉贤区,华东师范大学第二附属中学临港奉贤分校,奉贤区平安学校,720.50
奉贤区,华东师范大学第二附属中学临港奉贤分校,奉贤区邵厂学校,667.00
奉贤区,华东师范大学第二附属中学临港奉贤分校,奉贤区弘文学校,739.50
奉贤区,华东师范大学第二附属中学临港奉贤分校,奉贤区星火学校,691.00
奉贤区,华东师范大学第二附属中学临港奉贤分校,奉贤区肇文学校,684.50
奉贤区,华东师范大学第二附属中学临港奉贤分校,奉贤区奉浦中学,696.00
奉贤区,华东师范大学第二附属中学临港奉贤分校,大学附属奉贤实验学校,697.50
奉贤区,华东师范大学第二附属中学临港奉贤分校,奉贤区世外附属临港外国语学校,751.00
奉贤区,华东师范大学第二附属中学临港奉贤分校,柘林学校师大附中学点,734.50
崇明区,复旦大学附属中学,崇明区建设中学,713.50
奉贤区,上海市格致中学（奉贤校区）,奉贤区钱桥学校,724.00
奉贤区,上海市格致中学（奉贤校区）,奉贤区平安学校,703.50
奉贤区,上海市格致中学（奉贤校区）,奉贤区弘文学校,740.00
奉贤区,上海市格致中学（奉贤校区）,奉贤区星火学校,709.50
奉贤区,上海市格致中学（奉贤校区）,奉贤区肇文学校,707.00
奉贤区,上海市格致中学（奉贤校区）,奉贤区奉浦中学,715.00
奉贤区,上海市格致中学（奉贤校区）,大学附属奉贤实验学校,707.00
奉贤区,上海市格致中学（奉贤校区）,奉贤区世外附属临港外国语学校,701.50
奉贤区,上海市格致中学（奉贤校区）,柘林学校师大附中学点,697.50
崇明区,上海市实验学校东滩高级中学,崇明区三星中学,691.00
崇明区,上海市实验学校东滩高级中学,崇明区建设中学,711.50
崇明区,上海市实验学校东滩高级中学,崇明区合兴中学,710.50
崇明区,上海市实验学校东滩高级中学,崇明区向化中学,689.00
崇明区,上海市实验学校东滩高级中学,崇明区崇东中学,698.00
崇明区,上海市实验学校东滩高级中学,崇明区裕安中学,707.00
崇明区,上海市实验学校东滩高级中学,崇明区实验中学,709.50
崇明区,上海市实验学校东滩高级中学,崇明中学附属东门中学,723.00
崇明区,上海市实验学校东滩高级中学,崇明区长兴中学,715.00
奉贤区,上海交通大学附属中学,奉贤区奉浦中学,722.50
崇明区,上海市上海中学,师范大学附属崇明正大中学,719.00
崇明区,华东师范大学第二附属中学,崇明区大公中学,734.50
崇明区,上海市实验学校东滩高级中学,崇明区长明中学,713.00
黄浦区,上海市格致中学,格致初级中学,741.00
黄浦区,上海市大同中学,格致初级中学,735.50
黄浦区,上海市向明中学,格致初级中学,717.50
黄浦区,上海市光明中学,格致初级中学,656.50
黄浦区,上海市敬业中学,格致初级中学,689.00
黄浦区,上海市格致中学,大同初级中学,734.00
黄浦区,上海市大同中学,大同初级中学,739.50
黄浦区,上海市向明中学,大同初级中学,701.50
黄浦区,上海市光明中学,大同初级中学,661.50
黄浦区,上海市敬业中学,大同初级中学,697.50
黄浦区,上海市格致中学,向明初级中学,735.00
黄浦区,上海市大同中学,向明初级中学,736.00
黄浦区,上海市向明中学,向明初级中学,716.50
黄浦区,上海市光明中学,向明初级中学,655.50
黄浦区,上海市敬业中学,向明初级中学,693.50
黄浦区,上海市格致中学,外国语大学附属大境初级中学,726.50
黄浦区,上海市大同中学,外国语大学附属大境初级中学,730.00
黄浦区,上海市向明中学,外国语大学附属大境初级中学,714.00
黄浦区,上海市光明中学,外国语大学附属大境初级中学,667.50
黄浦区,上海市敬业中学,外国语大学附属大境初级中学,695.00
黄浦区,上海市格致中学,光明初级中学,727.00
黄浦区,上海市大同中学,光明初级中学,723.00
黄浦区,上海市向明中学,光明初级中学,705.00
黄浦区,上海市光明中学,光明初级中学,667.00
黄浦区,上海市敬业中学,光明初级中学,704.00
黄浦区,上海市格致中学,敬业初级中学,724.50
黄浦区,上海市大同中学,敬业初级中学,728.50
黄浦区,上海市向明中学,敬业初级中学,707.00
黄浦区,上海市光明中学,敬业初级中学,671.50
黄浦区,上海市敬业中学,敬业初级中学,704.50
黄浦区,上海市格致中学,卢湾中学,731.50
黄浦区,上海市大同中学,卢湾中学,732.50
崇明区,上海市实验学校东滩高级中学,师范大学附属崇明正大中学,697.50
崇明区,上海市实验学校东滩高级中学,向明初级中学附属崇明区江帆中学,730.00
崇明区,上海市实验学校东滩高级中学,崇明区庙镇学校,698.50
崇明区,上海市实验学校东滩高级中学,崇明区大新中学,686.00
崇明区,上海市实验学校东滩高级中学,崇明区三烈中学,664.50
崇明区,上海市实验学校东滩高级中学,崇明区大公中学,700.50
崇明区,上海市实验学校东滩高级中学,民办民一中学,724.50
崇明区,上海市实验学校东滩高级中学,崇明区横沙中学,682.00
黄浦区,上海市向明中学,卢湾中学,721.00
黄浦区,上海市光明中学,卢湾中学,666.50
黄浦区,上海市敬业中学,卢湾中学,691.50
黄浦区,上海市格致中学,八初级中学,725.00
黄浦区,上海市大同中学,八初级中学,716.00
黄浦区,上海市向明中学,八初级中学,702.00
黄浦区,上海市光明中学,八初级中学,666.00
黄浦区,上海市敬业中学,八初级中学,688.50
长宁区,上海市复旦中学,复旦初级中学,713.50
静安区,上海市回民中学,回民中学,660.00
静安区,上海市回民中学,民办扬波中学,662.00
黄浦区,上海市格致中学,尚文中学,712.00
黄浦区,上海市大同中学,尚文中学,723.50
黄浦区,上海市向明中学,尚文中学,713.00
黄浦区,上海市光明中学,尚文中学,679.50
黄浦区,上海市敬业中学,尚文中学,701.50
黄浦区,上海市格致中学,交通大学附属黄浦实验中学,725.50
黄浦区,上海市大同中学,交通大学附属黄浦实验中学,728.50
黄浦区,上海市向明中学,交通大学附属黄浦实验中学,689.50
黄浦区,上海市光明中学,交通大学附属黄浦实验中学,672.50
黄浦区,上海市敬业中学,交通大学附属黄浦实验中学,697.50
黄浦区,上海市格致中学,清华中学,729.00
黄浦区,上海市大同中学,清华中学,749.50
黄浦区,上海市向明中学,清华中学,708.00
黄浦区,上海市光明中学,清华中学,661.50
黄浦区,上海市敬业中学,清华中学,674.50
黄浦区,上海市格致中学,民办明珠中学,730.00
黄浦区,上海市大同中学,民办明珠中学,721.50
黄浦区,上海市向明中学,民办明珠中学,712.50
黄浦区,上海市光明中学,民办明珠中学,673.00
黄浦区,上海市敬业中学,民办明珠中学,702.00
黄浦区,上海市格致中学,民办立达中学,736.00
黄浦区,上海市大同中学,民办立达中学,738.50
黄浦区,上海市向明中学,民办立达中学,719.50
黄浦区,上海市光明中学,民办立达中学,657.00
黄浦区,上海市敬业中学,民办立达中学,693.50
黄浦区,上海市格致中学,震旦外国语中学,732.50
黄浦区,上海市大同中学,震旦外国语中学,730.50
黄浦区,上海市向明中学,震旦外国语中学,723.50
黄浦区,上海市光明中学,震旦外国语中学,666.00
黄浦区,上海市敬业中学,震旦外国语中学,702.00
黄浦区,上海市格致中学,第十中学,729.00
黄浦区,上海市大同中学,第十中学,739.50
黄浦区,上海市向明中学,第十中学,710.00
黄浦区,上海市光明中学,第十中学,671.00
黄浦区,上海市敬业中学,第十中学,693.00
黄浦区,上海市格致中学,理工大学附属储能中学,723.50
黄浦区,上海市大同中学,理工大学附属储能中学,722.50
黄浦区,上海市向明中学,理工大学附属储能中学,699.50
黄浦区,上海市光明中学,理工大学附属储能中学,664.00
黄浦区,上海市敬业中学,理工大学附属储能中学,668.00
黄浦区,上海市格致中学,金陵中学,728.50
黄浦区,上海市大同中学,金陵中学,732.50
黄浦区,上海市向明中学,金陵中学,724.50
黄浦区,上海市光明中学,金陵中学,677.00
黄浦区,上海市敬业中学,金陵中学,691.00
黄浦区,上海市格致中学,南中学,720.50
黄浦区,上海市大同中学,南中学,728.50
黄浦区,上海市向明中学,南中学,704.50
黄浦区,上海市光明中学,南中学,657.50
黄浦区,上海市敬业中学,南中学,703.00
黄浦区,上海市格致中学,音乐学附属黄浦比乐中学,737.00
黄浦区,上海市大同中学,音乐学附属黄浦比乐中学,729.50
黄浦区,上海市向明中学,音乐学附属黄浦比乐中学,718.50
黄浦区,上海市光明中学,音乐学附属黄浦比乐中学,674.50
黄浦区,上海市敬业中学,音乐学附属黄浦比乐中学,707.50
黄浦区,上海市格致中学,黄浦区学附属中山学校,729.50
黄浦区,上海市大同中学,黄浦区学附属中山学校,735.50
黄浦区,上海市向明中学,黄浦区学附属中山学校,724.50
黄浦区,上海市光明中学,黄浦区学附属中山学校,667.00
黄浦区,上海市敬业中学,黄浦区学附属中山学校,695.50
黄浦区,上海市格致中学,民办永昌学校,739.00
黄浦区,上海市大同中学,民办永昌学校,738.00
黄浦区,上海市向明中学,民办永昌学校,710.50
黄浦区,上海市光明中学,民办永昌学校,681.50
黄浦区,上海市敬业中学,民办永昌学校,690.50
徐汇区,上海市南洋中学,位初级中学,712.00
徐汇区,上海市南洋中学,第二初级中学,711.00
徐汇区,上海市南洋中学,南洋模范初级中学,712.50
徐汇区,上海市南洋中学,南洋初级中学,715.00
徐汇区,上海市南洋中学,田林中学,716.00
徐汇区,上海市南洋中学,田林第二中学,711.00
徐汇区,上海市南洋中学,田林第三中学,715.00
徐汇区,上海市南洋中学,龙苑中学,721.00
徐汇区,上海市南洋中学,徐汇区学附属实验中学,717.50
徐汇区,上海市南洋中学,徐汇区学附属实验中学南部分校,705.00
徐汇区,上海市南洋中学,园南中学,717.00
徐汇区,上海市南洋中学,汾阳中学,719.50
徐汇区,上海市南洋中学,梅园中学,727.50
徐汇区,上海市南洋中学,紫阳中学,717.00
徐汇区,上海市南洋中学,康健外国语实验中学,714.50
徐汇区,上海市南洋中学,世外中学,698.00
徐汇区,上海市南洋中学,民办华中学,705.00
徐汇区,上海市南洋中学,中国中学,718.50
徐汇区,上海市南洋中学,第五十四中学,715.50
徐汇区,上海市南洋中学,徐汇中学,708.00
徐汇区,上海市南洋中学,徐汇南校,713.50
徐汇区,上海市南洋中学,第四中学,719.00
徐汇区,上海市南洋中学,零陵中学,702.50
徐汇区,上海市南洋中学,华东理工大学附属中学,717.50
徐汇区,上海市南洋中学,西南位中学,708.00
徐汇区,上海市南洋中学,西南模范中学,715.00
徐汇区,上海市南洋中学,民办位中学,716.00
徐汇区,上海市南洋中学,民办南模中学,713.00
徐汇区,上海市南洋中学,位实验学校,716.00
徐汇区,上海市南洋中学,徐汇区汇实验学校,699.50
徐汇区,上海市南洋中学,师范大学第三附属实验学校,719.00
长宁区,上海市延安中学,第三女子初级中学,733.50
长宁区,上海市复旦中学,第三女子初级中学,715.50
长宁区,上海市延安中学,天山第二中学,718.50
长宁区,上海市复旦中学,天山第二中学,714.00
长宁区,上海市延安中学,姚连生中学,725.00
长宁区,上海市复旦中学,姚连生中学,716.00
长宁区,上海市延安中学,天山初级中学,736.00
长宁区,上海市复旦中学,天山初级中学,721.50
长宁区,上海市延安中学,虹桥中学,718.00
长宁区,上海市复旦中学,虹桥中学,698.50
长宁区,上海市延安中学,延安实验初级中学,724.50
长宁区,上海市复旦中学,延安实验初级中学,714.50
长宁区,上海市延安中学,复旦初级中学,725.00
长宁区,上海市延安中学,泸定中学,720.00
长宁区,上海市复旦中学,泸定中学,700.50
长宁区,上海市延安中学,娄山中学,738.50
长宁区,上海市复旦中学,娄山中学,718.00
长宁区,上海市延安中学,西延安中学,734.50
长宁区,上海市复旦中学,西延安中学,714.50
长宁区,上海市延安中学,新泾中学,726.50
长宁区,上海市复旦中学,新泾中学,716.00
长宁区,上海市延安中学,民办新世纪中学,738.00
长宁区,上海市复旦中学,民办新世纪中学,720.50
长宁区,上海市延安中学,延安初级中学,737.00
长宁区,上海市复旦中学,延安初级中学,713.00
长宁区,上海市延安中学,建青实验学校,734.00
长宁区,上海市复旦中学,建青实验学校,718.50
长宁区,上海市延安中学,西郊学校,706.50
长宁区,上海市复旦中学,西郊学校,692.00
长宁区,上海市延安中学,华东政法大学附属中学,734.50
长宁区,上海市复旦中学,华东政法大学附属中学,716.00
长宁区,上海市延安中学,仙霞高级中学,730.50
长宁区,上海市复旦中学,仙霞高级中学,717.00
长宁区,上海市延安中学,开元学校,736.00
长宁区,上海市复旦中学,开元学校,704.50
静安区,上海市回民中学,西初级中学,661.50
静安区,上海市回民中学,静安区协和双语培明学校,657.50
静安区,上海市回民中学,五四中学,659.50
静安区,上海市回民中学,民办外静安外国语中学,674.00
静安区,上海市回民中学,静安区北初级中学北校,657.00
静安区,上海市回民中学,新中初级中学,655.00
静安区,上海市回民中学,静安区实验中学,660.00
静安区,上海市回民中学,朝阳中学,656.50
静安区,上海市回民中学,北初级中学,660.50
静安区,上海市回民中学,风华初级中学,658.50
静安区,上海市回民中学,彭浦初级中学,662.00
静安区,上海市回民中学,青云中学,655.00
静安区,上海市回民中学,岭南中学,683.50
静安区,上海市回民中学,保德中学,658.50
静安区,上海市回民中学,彭浦第三中学,655.50
静安区,上海市回民中学,彭浦第四中学,656.00
静安区,上海市回民中学,第一中学,657.50
静安区,上海市回民中学,闸北第八中学,664.50
静安区,上海市回民中学,华东模范中学,678.00
静安区,上海市回民中学,同济大学附属七一中学,656.50
静安区,上海市回民中学,田家炳中学,656.00
静安区,上海市回民中学,民办风范中学,661.00
静安区,上海市回民中学,华灵学校,674.50
静安区,上海市回民中学,三泉学校,658.00
普陀区,上海市宜川中学,洵阳中学,711.50
普陀区,上海市宜川中学,北中学,705.00
普陀区,上海市宜川中学,延河中学,714.50
普陀区,上海市宜川中学,曹杨第二中学附属实验中学,708.50
普陀区,上海市宜川中学,华东师范大学第四附属中学,717.50
普陀区,上海市宜川中学,怒江中学,717.00
普陀区,上海市宜川中学,师范大学附属第二实验学校,713.00
普陀区,上海市宜川中学,真北中学,716.00
普陀区,上海市宜川中学,普陀区学附属中学,712.00
普陀区,上海市宜川中学,梅陇中学,711.50
普陀区,上海市宜川中学,兰田中学,708.00
普陀区,上海市宜川中学,普陀区梅陇实验中学,714.50
普陀区,上海市宜川中学,曹杨中学,702.50
普陀区,上海市宜川中学,同济大学第二附属中学,714.50
普陀区,上海市宜川中学,新杨中学,715.00
普陀区,上海市宜川中学,长征中学,718.00
普陀区,上海市宜川中学,桃浦中学,718.00
普陀区,上海市宜川中学,晋元高级中学附属学校南校,714.00
普陀区,上海市宜川中学,音乐学附属安师实验中学,686.00
普陀区,上海市宜川中学,华东师范大学附属进华中学,709.50
普陀区,上海市宜川中学,安生学校,723.00
普陀区,上海市宜川中学,培佳双语学校,716.50
普陀区,上海市宜川中学,铜川学校,720.50
普陀区,上海市宜川中学,沙田学校,707.50
普陀区,上海市宜川中学,华东师范大学附属外国语实验学校,707.50
普陀区,上海市宜川中学,子长学校,711.50
普陀区,上海市宜川中学,洛川学校,717.50
普陀区,上海市宜川中学,宜川中学附属学校,711.00
普陀区,上海市宜川中学,曹杨中学附属学校,713.50
普陀区,上海市宜川中学,普陀区学附属学校,707.00
普陀区,上海市宜川中学,晋元高级中学附属学校,714.00
普陀区,上海市宜川中学,曹杨第二中学附属学校,713.00
普陀区,上海市宜川中学,民办新黄浦实验学校,726.00
普陀区,上海市宜川中学,江宁学校,717.50
普陀区,上海市宜川中学,中远实验学校,710.50
杨浦区,上海市控江中学,国和中学,729.50
普陀区,上海市宜川中学,外国语大学尚阳外国语学校,711.00
普陀区,上海市宜川中学,文达学校,708.00
普陀区,上海市宜川中学,理工大学附属普陀实验学校,700.50
普陀区,上海市宜川中学,万里城实验学校,710.00
杨浦区,上海市控江中学,铁岭中学,743.50
杨浦区,上海市控江中学,鞍山初级中学,740.00
杨浦区,上海市控江中学,十五中学,749.00
杨浦区,上海市控江中学,杨浦初级中学,743.00
杨浦区,上海市控江中学,惠民中学,734.00
杨浦区,上海市控江中学,辽阳中学,738.00
杨浦区,上海市控江中学,新大桥中学,730.00
杨浦区,上海市控江中学,建设初级中学,741.50
杨浦区,上海市控江中学,东辽阳中学,746.00
杨浦区,上海市控江中学,二十五中学,732.00
杨浦区,上海市控江中学,理工大学附属初级中学,731.00
杨浦区,上海市控江中学,杨浦区学附属中学,723.50
杨浦区,上海市控江中学,同济初级中学,739.50
杨浦区,上海市控江中学,三门中学(财经大学附属初级中学）,748.00
杨浦区,上海市控江中学,包头中学,724.00
杨浦区,上海市控江中学,思源中学,721.50
杨浦区,上海市控江中学,鞍山实验中学,738.50
杨浦区,上海市控江中学,同济第二初级中学,732.00
杨浦区,上海市控江中学,理工大学附属实验初级中学,732.00
杨浦区,上海市控江中学,控江初级中学,741.50
杨浦区,上海市控江中学,存志学校,742.00
杨浦区,上海市控江中学,民办杨浦凯慧初级中学,736.50
杨浦区,上海市控江中学,东实验学校（东中学）,733.00
杨浦区,上海市控江中学,复旦实验中学,742.50
杨浦区,上海市控江中学,民办兰生中学,745.00
杨浦区,上海市控江中学,长阳实验学校,740.00
杨浦区,上海市控江中学,民办杨浦实验学校,743.50
杨浦区,上海市控江中学,音乐学实验学校,748.50
杨浦区,上海市控江中学,黄兴学校,733.00
杨浦区,上海市控江中学,昆明学校,745.00
杨浦区,上海市控江中学,鹰学校,743.50
杨浦区,上海市控江中学,杨浦双语学校,748.00
杨浦区,上海市控江中学,光学校,731.50
杨浦区,上海市控江中学,民办沪东外国语学校,737.00
杨浦区,上海市控江中学,同大实验学校,743.50
杨浦区,上海市控江中学,复旦大学第二附属学校,735.50
闵行区,上海市七宝中学,航华中学,724.50
闵行区,上海市闵行中学,航华中学,712.00
闵行区,上海市七宝中学,闵行区虹中学,747.00
闵行区,上海市闵行中学,闵行区虹中学,715.50
闵行区,上海市七宝中学,龙柏中学,758.50
闵行区,上海市闵行中学,龙柏中学,746.00
闵行区,上海市七宝中学,闵行区七宝第二中学,754.50
闵行区,上海市闵行中学,闵行区七宝第二中学,719.50
闵行区,上海市七宝中学,罗阳中学,744.50
闵行区,上海市闵行中学,罗阳中学,724.50
闵行区,上海市七宝中学,闵行区莘松中学,753.00
闵行区,上海市闵行中学,闵行区莘松中学,721.00
闵行区,上海市七宝中学,七宝中学附属闵行金都实验中学,748.50
闵行区,上海市闵行中学,七宝中学附属闵行金都实验中学,701.50
闵行区,上海市七宝中学,闵行区北桥中学,736.00
闵行区,上海市闵行中学,闵行区北桥中学,719.00
闵行区,上海市七宝中学,闵行区浦江第一中学,742.50
闵行区,上海市闵行中学,闵行区浦江第一中学,719.50
闵行区,上海市七宝中学,闵行区浦江第二中学,727.00
闵行区,上海市闵行中学,闵行区浦江第二中学,714.00
闵行区,上海市七宝中学,闵行区浦江第三中学,706.00
闵行区,上海市闵行中学,闵行区浦江第三中学,703.50
闵行区,上海市七宝中学,闵行第四中学,708.00
闵行区,上海市闵行中学,闵行第四中学,721.50
闵行区,上海市七宝中学,闵行区颛桥中学,753.50
闵行区,上海市闵行中学,闵行区颛桥中学,725.00
闵行区,上海市七宝中学,实验学校西校,756.00
闵行区,上海市闵行中学,实验学校西校,715.00
闵行区,上海市七宝中学,闵行区鹤北初级中学,728.50
闵行区,上海市闵行中学,闵行区鹤北初级中学,724.00
闵行区,上海市七宝中学,闵行区龙茗中学,751.50
闵行区,上海市闵行中学,闵行区龙茗中学,720.50
闵行区,上海市七宝中学,七宝实验中学,746.00
闵行区,上海市闵行中学,七宝实验中学,724.50
闵行区,上海市七宝中学,师资培训中心附属闵行实验中学,756.00
闵行区,上海市闵行中学,师资培训中心附属闵行实验中学,717.00
闵行区,上海市七宝中学,吴泾中学,742.50
闵行区,上海市闵行中学,吴泾中学,713.50
闵行区,上海市七宝中学,闵行区七宝第三中学,753.50
闵行区,上海市闵行中学,闵行区七宝第三中学,714.50
闵行区,上海市七宝中学,华东师范大学第二附属中学附属初级中学,754.50
浦东新区,上海市高桥中学,五三中学,719.00
闵行区,上海市闵行中学,华东师范大学第二附属中学附属初级中学,711.00
闵行区,上海市七宝中学,闵行区浦航实验中学,746.50
闵行区,上海市闵行中学,闵行区浦航实验中学,720.00
闵行区,上海市七宝中学,闵行区马桥复旦万科实验中学,745.00
闵行区,上海市闵行中学,闵行区马桥复旦万科实验中学,717.00
闵行区,上海市七宝中学,中医药大学附属闵行晶城中学,744.00
闵行区,上海市闵行中学,中医药大学附属闵行晶城中学,719.00
闵行区,上海市七宝中学,师范大学附属闵行第三中学,749.00
闵行区,上海市闵行中学,师范大学附属闵行第三中学,720.50
闵行区,上海市七宝中学,闵行区田园外国语中学,744.50
闵行区,上海市闵行中学,闵行区田园外国语中学,722.00
闵行区,上海市七宝中学,闵行中学附属实验中学,740.50
闵行区,上海市闵行中学,闵行中学附属实验中学,724.50
闵行区,上海市七宝中学,尚师初级中学,753.50
闵行区,上海市闵行中学,尚师初级中学,723.00
闵行区,上海市七宝中学,骏博外国语学校,749.00
闵行区,上海市闵行中学,骏博外国语学校,715.50
闵行区,上海市七宝中学,闵行第三中学,732.50
闵行区,上海市闵行中学,闵行第三中学,715.00
闵行区,上海市七宝中学,交通大学附属第二中学,732.00
闵行区,上海市闵行中学,交通大学附属第二中学,720.00
闵行区,上海市七宝中学,民办宝中学,754.00
闵行区,上海市闵行中学,民办宝中学,717.00
闵行区,上海市七宝中学,七宝中学附属鑫都实验中学,754.50
闵行区,上海市闵行中学,七宝中学附属鑫都实验中学,726.50
闵行区,上海市七宝中学,文来中学,755.00
闵行区,上海市闵行中学,文来中学,719.00
闵行区,上海市七宝中学,民办文绮中学,745.00
闵行区,上海市闵行中学,民办文绮中学,724.50
闵行区,上海市七宝中学,闵行区协和双语科学校,753.50
闵行区,上海市闵行中学,闵行区协和双语科学校,721.00
闵行区,上海市七宝中学,闵行区诸翟学校,730.00
闵行区,上海市闵行中学,闵行区诸翟学校,717.50
闵行区,上海市七宝中学,华东师范大学附属闵行虹桥学校,746.00
闵行区,上海市闵行中学,华东师范大学附属闵行虹桥学校,714.50
闵行区,上海市七宝中学,莘光学校,750.50
闵行区,上海市闵行中学,莘光学校,720.50
闵行区,上海市七宝中学,闵行区纪王学校,745.50
闵行区,上海市闵行中学,闵行区纪王学校,713.50
闵行区,上海市七宝中学,马桥强恕学校,727.50
闵行区,上海市闵行中学,马桥强恕学校,709.50
闵行区,上海市七宝中学,古美学校,758.00
闵行区,上海市闵行中学,古美学校,722.50
闵行区,上海市七宝中学,师范大学康城实验学校,748.00
闵行区,上海市闵行中学,师范大学康城实验学校,716.50
闵行区,上海市七宝中学,莘城学校,750.50
闵行区,上海市闵行中学,莘城学校,726.50
闵行区,上海市七宝中学,闵行区明星学校,733.50
闵行区,上海市闵行中学,闵行区明星学校,725.50
闵行区,上海市七宝中学,闵行区文来实验学校,750.00
闵行区,上海市闵行中学,闵行区文来实验学校,719.00
闵行区,上海市七宝中学,闵行区君莲学校,692.50
闵行区,上海市闵行中学,闵行区君莲学校,717.50
闵行区,上海市七宝中学,闵行区华漕学校,741.00
浦东新区,上海南汇中学,泥城中学,676.50
闵行区,上海市闵行中学,闵行区华漕学校,715.50
闵行区,上海市七宝中学,世外附属浦江外国语学校,737.00
闵行区,上海市闵行中学,世外附属浦江外国语学校,716.00
宝山区,上海市吴淞中学,顾村中学,698.00
闵行区,上海市七宝中学,交通大学附属闵行马桥实验学校,752.00
闵行区,上海市闵行中学,交通大学附属闵行马桥实验学校,729.00
闵行区,上海市七宝中学,闵行区七宝文来学校,753.00
闵行区,上海市闵行中学,闵行区七宝文来学校,718.00
闵行区,上海市七宝中学,华东理工大学附属闵行梅陇实验学校,744.50
闵行区,上海市闵行中学,华东理工大学附属闵行梅陇实验学校,719.50
闵行区,上海市七宝中学,华东师范大学附属闵行永德学校,735.50
闵行区,上海市闵行中学,华东师范大学附属闵行永德学校,708.50
闵行区,上海市七宝中学,民办德英乐实验学校,756.50
闵行区,上海市闵行中学,民办德英乐实验学校,722.50
闵行区,上海市七宝中学,燎原双语学校,708.00
闵行区,上海市闵行中学,燎原双语学校,712.50
闵行区,上海市七宝中学,民办协和双语尚音学校,754.50
闵行区,上海市闵行中学,民办协和双语尚音学校,730.50
闵行区,上海市七宝中学,民办万源城协和双语学校,759.00
闵行区,上海市闵行中学,民办万源城协和双语学校,710.50
闵行区,上海市七宝中学,星河湾双语学校,732.00
闵行区,上海市闵行中学,博世凯外国语学校,725.00
闵行区,上海市七宝中学,民办圣华紫竹双语学校,757.50
闵行区,上海市闵行中学,民办圣华紫竹双语学校,718.50
宝山区,上海市行知中学,淞谊中学,742.00
宝山区,上海市吴淞中学,淞谊中学,721.00
宝山区,上海市行知中学,宝山区学附属中学,731.50
宝山区,上海市吴淞中学,宝山区学附属中学,713.50
宝山区,上海市行知中学,吴淞初级中学,673.00
宝山区,上海市吴淞中学,吴淞初级中学,699.50
宝山区,上海市行知中学,滨第二中学,710.50
宝山区,上海市吴淞中学,滨第二中学,705.50
宝山区,上海市行知中学,民办宝莲中学,732.50
宝山区,上海市吴淞中学,民办宝莲中学,719.50
宝山区,上海市行知中学,吴淞第二中学,718.50
宝山区,上海市吴淞中学,吴淞第二中学,694.50
宝山区,上海市行知中学,虎林中学,725.00
宝山区,上海市吴淞中学,虎林中学,711.00
宝山区,上海市行知中学,泗塘中学,727.50
宝山区,上海市吴淞中学,泗塘中学,712.00
宝山区,上海市行知中学,宝山区求真中学北校,719.50
宝山区,上海市吴淞中学,宝山区求真中学北校,719.50
宝山区,上海市行知中学,宝山区求真中学南校,734.00
宝山区,上海市吴淞中学,宝山区求真中学南校,688.00
宝山区,上海市行知中学,长江第二中学,724.00
宝山区,上海市吴淞中学,长江第二中学,713.50
宝山区,上海市行知中学,宝山区求真中学,741.50
宝山区,上海市吴淞中学,宝山区求真中学,714.00
宝山区,上海市行知中学,大场中学,729.00
宝山区,上海市吴淞中学,大场中学,711.50
宝山区,上海市行知中学,大华中学,732.50
宝山区,上海市吴淞中学,大华中学,708.00
宝山区,上海市行知中学,月浦中学,722.00
宝山区,上海市吴淞中学,月浦中学,715.00
宝山区,上海市行知中学,罗泾中学,710.00
宝山区,上海市吴淞中学,罗泾中学,703.00
宝山区,上海市行知中学,罗南中学,732.50
宝山区,上海市吴淞中学,罗南中学,717.50
宝山区,上海市行知中学,民办交华中学,721.50
宝山区,上海市吴淞中学,民办交华中学,708.50
宝山区,上海市行知中学,宝山实验学校高境分校,729.00
宝山区,上海市吴淞中学,宝山实验学校高境分校,700.00
宝山区,上海市行知中学,宝山区罗店第二中学,736.00
宝山区,上海市吴淞中学,宝山区罗店第二中学,713.50
宝山区,上海市行知中学,宝山区乐之中学,713.50
宝山区,上海市吴淞中学,宝山区乐之中学,694.50
宝山区,上海市行知中学,宝山区美兰湖中学,717.00
宝山区,上海市吴淞中学,宝山区美兰湖中学,693.50
宝山区,上海市行知中学,宝山区杨泰实验中学,738.00
宝山区,上海市吴淞中学,宝山区杨泰实验中学,717.00
宝山区,上海市行知中学,师范大学附属宝山经纬实验中学,730.50
宝山区,上海市吴淞中学,师范大学附属宝山经纬实验中学,714.00
宝山区,上海市行知中学,师范大学附属宝山罗店中学,698.50
宝山区,上海市吴淞中学,师范大学附属宝山罗店中学,689.00
宝山区,上海市行知中学,宝山中学,748.00
宝山区,上海市吴淞中学,宝山中学,719.50
宝山区,上海市行知中学,顾村中学,727.00
宝山区,上海市行知中学,行知实验中学,721.50
宝山区,上海市吴淞中学,行知实验中学,712.00
宝山区,上海市行知中学,高境第一中学,714.00
宝山区,上海市吴淞中学,高境第一中学,695.00
宝山区,上海市行知中学,盛桥中学,723.00
宝山区,上海市吴淞中学,盛桥中学,712.00
宝山区,上海市行知中学,同洲模范学校,732.00
宝山区,上海市吴淞中学,同洲模范学校,714.00
宝山区,上海市行知中学,宝山实验学校,737.50
宝山区,上海市吴淞中学,宝山实验学校,712.50
宝山区,上海市行知中学,金瑞学校,708.50
宝山区,上海市行知中学,民办锦秋学校,733.50
宝山区,上海市吴淞中学,民办锦秋学校,713.00
宝山区,上海市行知中学,月浦实验学校,732.00
宝山区,上海市吴淞中学,月浦实验学校,717.00
宝山区,上海市行知中学,宝钢新世纪学校,738.00
宝山区,上海市吴淞中学,宝钢新世纪学校,720.50
宝山区,上海市行知中学,吴淞实验学校,732.00
宝山区,上海市吴淞中学,吴淞实验学校,715.00
宝山区,上海市行知中学,宝山区天馨学校,719.00
宝山区,上海市吴淞中学,宝山区天馨学校,704.50
宝山区,上海市行知中学,宝山区大学附属中学实验学校,719.50
宝山区,上海市吴淞中学,宝山区大学附属中学实验学校,700.00
宝山区,上海市行知中学,宝山区共富实验学校,724.50
宝山区,上海市吴淞中学,宝山区共富实验学校,710.00
宝山区,上海市行知中学,华东师范大学宝山实验学校,729.00
宝山区,上海市吴淞中学,华东师范大学宝山实验学校,706.50
宝山区,上海市行知中学,大学附属学校,728.00
宝山区,上海市吴淞中学,大学附属学校,706.00
宝山区,上海市吴淞中学,农场学校,683.50
宝山区,上海市行知中学,宝山区馨家园学校,717.00
宝山区,上海市吴淞中学,宝山区馨家园学校,695.50
宝山区,上海市行知中学,世外附属宝山大华实验学校,724.00
宝山区,上海市吴淞中学,世外附属宝山大华实验学校,704.00
宝山区,上海市行知中学,宝山区淞谊实验学校,687.50
宝山区,上海市吴淞中学,宝山区淞谊实验学校,708.50
宝山区,上海市行知中学,宝山区鹿鸣学校,726.00
宝山区,上海市吴淞中学,宝山区鹿鸣学校,706.00
宝山区,上海市行知中学,宝山区庙行实验学校,725.50
宝山区,上海市吴淞中学,宝山区庙行实验学校,706.50
宝山区,上海市行知中学,宝山区顾村实验学校,732.00
宝山区,上海市吴淞中学,宝山区顾村实验学校,706.50
宝山区,上海市行知中学,学会宝山实验学校,733.50
宝山区,上海市吴淞中学,学会宝山实验学校,701.00
宝山区,上海市行知中学,宝山区行知外国语学校,717.50
宝山区,上海市吴淞中学,宝山区行知外国语学校,708.00
宝山区,上海市行知中学,宝山区新民实验学校,702.50
宝山区,上海市吴淞中学,宝山区新民实验学校,707.00
宝山区,上海市行知中学,刘行新华实验学校,731.00
宝山区,上海市吴淞中学,刘行新华实验学校,710.50
宝山区,上海市行知中学,民办华曜宝山实验学校,736.00
宝山区,上海市吴淞中学,民办华曜宝山实验学校,706.00
宝山区,上海市行知中学,大学附属宝山外国语学校,723.00
宝山区,上海市吴淞中学,大学附属宝山外国语学校,706.50
宝山区,上海市行知中学,外国语大学附属宝山双语学校,728.50
宝山区,上海市吴淞中学,外国语大学附属宝山双语学校,715.50
宝山区,上海市行知中学,行知中学附属宝山实验学校,729.50
宝山区,上海市吴淞中学,行知中学附属宝山实验学校,706.00
宝山区,上海市行知中学,民办至德实验学校,739.00
浦东新区,上海市川沙中学,洋泾中学东校,708.00
宝山区,上海市吴淞中学,民办至德实验学校,719.00
宝山区,上海市行知中学,宝山区世外学校,737.50
宝山区,上海市吴淞中学,宝山区世外学校,702.00
宝山区,上海市行知中学,师范大学附属宝山实验学校,730.50
宝山区,上海市吴淞中学,师范大学附属宝山实验学校,714.00
宝山区,上海市行知中学,师范大学附属宝山潜溪学校,719.00
宝山区,上海市吴淞中学,师范大学附属宝山潜溪学校,704.50
宝山区,上海市行知中学,宝山区南大实验学校,730.00
宝山区,上海市吴淞中学,宝山区南大实验学校,701.00
宝山区,上海市行知中学,世外附属宝山美兰湖实验学校,735.50
宝山区,上海市吴淞中学,世外附属宝山美兰湖实验学校,712.00
宝山区,上海市行知中学,存志附属宝山实验学校,724.00
宝山区,上海市吴淞中学,存志附属宝山实验学校,705.50
宝山区,上海市行知中学,华东师范大学附属宝山宝杨实验学校,733.50
宝山区,上海市吴淞中学,华东师范大学附属宝山宝杨实验学校,720.50
宝山区,上海市行知中学,宝山区陈伯吹罗店实验学校,687.00
宝山区,上海市吴淞中学,宝山区陈伯吹罗店实验学校,690.50
浦东新区,上海市建平中学,南中学东校,745.50
浦东新区,上海市建平中学,建平中学西校,750.50
浦东新区,上海市进才中学,建平中学西校,745.00
浦东新区,上海南汇中学,建平中学西校,713.00
浦东新区,上海市洋泾中学,建平中学西校,732.00
浦东新区,上海市高桥中学,建平中学西校,713.50
浦东新区,上海市川沙中学,建平中学西校,727.50
浦东新区,上海市建平中学,进才中学北校,752.50
浦东新区,上海市进才中学,进才中学北校,747.50
浦东新区,上海南汇中学,进才中学北校,711.00
浦东新区,上海市洋泾中学,进才中学北校,734.00
浦东新区,上海市高桥中学,进才中学北校,717.50
浦东新区,上海市川沙中学,进才中学北校,727.50
浦东新区,上海市建平中学,华东师范大学附属东昌中学南校,745.50
浦东新区,上海市进才中学,华东师范大学附属东昌中学南校,744.00
浦东新区,上海南汇中学,华东师范大学附属东昌中学南校,721.50
浦东新区,上海市洋泾中学,华东师范大学附属东昌中学南校,733.00
浦东新区,上海市高桥中学,华东师范大学附属东昌中学南校,713.00
浦东新区,上海市川沙中学,华东师范大学附属东昌中学南校,729.00
浦东新区,上海市实验学校,华东师范大学附属东昌中学南校,759.50
浦东新区,上海市建平中学,洋泾中学东校,746.00
浦东新区,上海市进才中学,洋泾中学东校,742.00
浦东新区,上海南汇中学,洋泾中学东校,709.50
浦东新区,上海市洋泾中学,洋泾中学东校,732.50
浦东新区,上海市高桥中学,洋泾中学东校,703.50
浦东新区,上海市进才中学,南中学东校,738.50
浦东新区,上海南汇中学,南中学东校,714.00
浦东新区,上海市洋泾中学,南中学东校,732.50
浦东新区,上海市高桥中学,南中学东校,712.50
浦东新区,上海市川沙中学,南中学东校,727.50
浦东新区,上海市建平中学,南中学北校,732.50
浦东新区,上海市进才中学,南中学北校,700.00
浦东新区,上海南汇中学,南中学北校,707.50
浦东新区,上海市洋泾中学,南中学北校,727.00
浦东新区,上海市高桥中学,南中学北校,710.50
浦东新区,上海市川沙中学,南中学北校,720.50
浦东新区,上海市建平中学,三林中学北校,734.50
浦东新区,上海市进才中学,三林中学北校,734.50
浦东新区,上海南汇中学,三林中学北校,713.00
浦东新区,上海市洋泾中学,三林中学北校,728.50
浦东新区,上海市高桥中学,三林中学北校,707.50
浦东新区,上海市川沙中学,三林中学北校,715.00
浦东新区,上海市建平中学,洪山中学,728.50
浦东新区,上海市进才中学,洪山中学,717.50
浦东新区,上海南汇中学,洪山中学,703.50
浦东新区,上海市洋泾中学,洪山中学,724.50
浦东新区,上海市高桥中学,洪山中学,706.00
浦东新区,上海市川沙中学,洪山中学,715.00
浦东新区,上海市建平中学,南中学南校,749.00
浦东新区,上海市进才中学,南中学南校,730.50
浦东新区,上海南汇中学,南中学南校,713.00
浦东新区,上海市洋泾中学,南中学南校,725.50
浦东新区,上海市高桥中学,南中学南校,709.00
浦东新区,上海市川沙中学,南中学南校,725.00
浦东新区,上海市建平中学,清流中学,739.50
浦东新区,上海市进才中学,清流中学,734.50
浦东新区,上海南汇中学,清流中学,710.00
浦东新区,上海市洋泾中学,清流中学,729.00
浦东新区,上海市高桥中学,清流中学,710.00
浦东新区,上海市川沙中学,清流中学,727.00
浦东新区,上海市建平中学,浦泾中学,737.50
浦东新区,上海市进才中学,浦泾中学,732.00
浦东新区,上海南汇中学,浦泾中学,714.00
浦东新区,上海市洋泾中学,浦泾中学,727.50
浦东新区,上海市高桥中学,浦泾中学,679.50
浦东新区,上海市川沙中学,浦泾中学,666.00
浦东新区,上海市实验学校,浦泾中学,718.50
浦东新区,上海市建平中学,交通大学附属浦东实验中学,739.50
浦东新区,上海市进才中学,交通大学附属浦东实验中学,738.00
浦东新区,上海南汇中学,交通大学附属浦东实验中学,707.00
浦东新区,上海市洋泾中学,交通大学附属浦东实验中学,726.50
浦东新区,上海市高桥中学,交通大学附属浦东实验中学,711.50
浦东新区,上海市川沙中学,交通大学附属浦东实验中学,723.50
浦东新区,上海市建平中学,浦东新区学附属实验中学,750.50
浦东新区,上海市进才中学,浦东新区学附属实验中学,697.50
浦东新区,上海市川沙中学,浦东新区学附属实验中学,683.50
浦东新区,上海市建平中学,洋泾中学南校,753.50
浦东新区,上海市进才中学,洋泾中学南校,735.00
浦东新区,上海南汇中学,洋泾中学南校,709.00
浦东新区,上海市洋泾中学,洋泾中学南校,723.00
浦东新区,上海市高桥中学,洋泾中学南校,710.50
浦东新区,上海市川沙中学,洋泾中学南校,731.00
浦东新区,上海市建平中学,东昌东校,738.00
浦东新区,上海市进才中学,东昌东校,733.50
浦东新区,上海南汇中学,东昌东校,691.00
浦东新区,上海市洋泾中学,东昌东校,724.00
浦东新区,上海市高桥中学,东昌东校,712.00
浦东新区,上海市川沙中学,东昌东校,698.50
浦东新区,上海市建平中学,罗山中学,750.00
浦东新区,上海市进才中学,罗山中学,740.00
浦东新区,上海南汇中学,罗山中学,719.50
浦东新区,上海市洋泾中学,罗山中学,730.50
浦东新区,上海市高桥中学,罗山中学,724.00
浦东新区,上海市川沙中学,罗山中学,728.50
浦东新区,上海市建平中学,金杨中学,741.00
浦东新区,上海市进才中学,金杨中学,731.00
浦东新区,上海南汇中学,金杨中学,712.00
浦东新区,上海市洋泾中学,金杨中学,722.50
浦东新区,上海市高桥中学,金杨中学,711.00
浦东新区,上海市川沙中学,金杨中学,714.00
浦东新区,上海市建平中学,金川中学,744.50
浦东新区,上海南汇中学,金川中学,691.50
浦东新区,上海市洋泾中学,金川中学,666.50
浦东新区,上海市高桥中学,金川中学,663.50
浦东新区,上海市川沙中学,金川中学,691.00
浦东新区,上海市建平中学,华林中学,727.50
浦东新区,上海市进才中学,华林中学,730.50
浦东新区,上海南汇中学,华林中学,696.50
浦东新区,上海市洋泾中学,华林中学,725.50
浦东新区,上海市高桥中学,华林中学,706.50
浦东新区,上海市川沙中学,华林中学,714.50
浦东新区,上海市实验学校,华林中学,734.00
浦东新区,上海市建平中学,孙桥中学,726.50
浦东新区,上海市进才中学,孙桥中学,727.50
浦东新区,上海南汇中学,孙桥中学,695.00
浦东新区,上海市洋泾中学,孙桥中学,706.00
浦东新区,上海市高桥中学,孙桥中学,693.00
浦东新区,上海市川沙中学,孙桥中学,690.00
浦东新区,上海市建平中学,人中学,751.50
浦东新区,上海市进才中学,人中学,737.50
浦东新区,上海南汇中学,人中学,704.00
浦东新区,上海市洋泾中学,人中学,727.00
浦东新区,上海市高桥中学,人中学,697.00
浦东新区,上海市川沙中学,人中学,701.00
浦东新区,上海市建平中学,东林中学,703.50
浦东新区,上海市进才中学,东林中学,679.50
浦东新区,上海南汇中学,东林中学,661.00
浦东新区,上海市洋泾中学,东林中学,709.00
浦东新区,上海市高桥中学,东林中学,684.50
浦东新区,上海市川沙中学,东林中学,693.50
浦东新区,上海市建平中学,施湾中学,700.50
浦东新区,上海市进才中学,施湾中学,714.50
浦东新区,上海南汇中学,施湾中学,704.50
浦东新区,上海市洋泾中学,施湾中学,687.00
浦东新区,上海市高桥中学,施湾中学,673.00
浦东新区,上海市川沙中学,施湾中学,690.00
浦东新区,上海市建平中学,黄楼中学,702.50
浦东新区,上海市进才中学,黄楼中学,731.50
浦东新区,上海南汇中学,黄楼中学,689.50
浦东新区,上海市洋泾中学,黄楼中学,725.50
浦东新区,上海市高桥中学,黄楼中学,680.00
浦东新区,上海市川沙中学,黄楼中学,706.00
浦东新区,上海市建平中学,王港中学,731.00
浦东新区,上海市进才中学,王港中学,729.00
浦东新区,上海南汇中学,王港中学,727.00
浦东新区,上海市洋泾中学,王港中学,718.50
浦东新区,上海市高桥中学,王港中学,698.00
浦东新区,上海市川沙中学,王港中学,729.50
浦东新区,上海市建平中学,杨园中学,751.50
浦东新区,上海市进才中学,杨园中学,739.00
浦东新区,上海南汇中学,杨园中学,721.50
浦东新区,上海市洋泾中学,杨园中学,724.00
浦东新区,上海市高桥中学,杨园中学,730.50
浦东新区,上海市川沙中学,杨园中学,730.00
浦东新区,上海市建平中学,东沟中学,748.50
浦东新区,上海市进才中学,东沟中学,747.00
浦东新区,上海南汇中学,东沟中学,717.50
浦东新区,上海市洋泾中学,东沟中学,712.50
浦东新区,上海市高桥中学,东沟中学,711.50
浦东新区,上海市川沙中学,东沟中学,710.50
浦东新区,上海市建平中学,师范大学附属高桥实验中学,736.00
浦东新区,上海市进才中学,师范大学附属高桥实验中学,737.50
浦东新区,上海南汇中学,师范大学附属高桥实验中学,699.00
浦东新区,上海市洋泾中学,师范大学附属高桥实验中学,725.50
浦东新区,上海市高桥中学,师范大学附属高桥实验中学,715.00
浦东新区,上海市川沙中学,师范大学附属高桥实验中学,719.00
浦东新区,上海市建平中学,凌桥中学,718.00
浦东新区,上海市进才中学,凌桥中学,713.50
浦东新区,上海南汇中学,凌桥中学,699.50
浦东新区,上海市洋泾中学,凌桥中学,706.50
浦东新区,上海市高桥中学,凌桥中学,725.00
浦东新区,上海市川沙中学,凌桥中学,690.00
浦东新区,上海市进才中学,顾路中学,729.50
浦东新区,上海南汇中学,顾路中学,702.50
浦东新区,上海市洋泾中学,顾路中学,724.50
浦东新区,上海市高桥中学,顾路中学,704.50
浦东新区,上海市川沙中学,顾路中学,719.50
浦东新区,上海市建平中学,浦东模范中学,748.00
浦东新区,上海市进才中学,浦东模范中学,746.00
浦东新区,上海南汇中学,浦东模范中学,714.00
浦东新区,上海市洋泾中学,浦东模范中学,727.50
浦东新区,上海市高桥中学,浦东模范中学,718.00
浦东新区,上海市川沙中学,浦东模范中学,727.50
浦东新区,上海市建平中学,川沙中学华夏西校,748.00
浦东新区,上海市进才中学,川沙中学华夏西校,744.50
浦东新区,上海南汇中学,川沙中学华夏西校,720.50
浦东新区,上海市洋泾中学,川沙中学华夏西校,726.00
浦东新区,上海市高桥中学,川沙中学华夏西校,716.50
浦东新区,上海市川沙中学,川沙中学华夏西校,732.50
浦东新区,上海市建平中学,陆行中学北校,751.00
浦东新区,上海市进才中学,陆行中学北校,742.50
浦东新区,上海南汇中学,陆行中学北校,700.00
浦东新区,上海市洋泾中学,陆行中学北校,712.50
浦东新区,上海市高桥中学,陆行中学北校,715.50
浦东新区,上海市川沙中学,陆行中学北校,716.50
浦东新区,上海市建平中学,致远中学,749.00
浦东新区,上海市进才中学,致远中学,748.00
浦东新区,上海南汇中学,致远中学,716.50
浦东新区,上海市洋泾中学,致远中学,736.00
浦东新区,上海市高桥中学,致远中学,730.00
浦东新区,上海市川沙中学,致远中学,722.50
浦东新区,上海市建平中学,浦东新区进才实验中学南校,732.50
浦东新区,上海市进才中学,浦东新区进才实验中学南校,724.00
浦东新区,上海南汇中学,浦东新区进才实验中学南校,708.00
浦东新区,上海市洋泾中学,浦东新区进才实验中学南校,716.50
浦东新区,上海市高桥中学,浦东新区进才实验中学南校,706.00
浦东新区,上海市川沙中学,浦东新区进才实验中学南校,722.00
浦东新区,上海市建平中学,蔡路中学,714.50
浦东新区,上海市进才中学,蔡路中学,727.50
浦东新区,上海南汇中学,蔡路中学,699.00
浦东新区,上海市洋泾中学,蔡路中学,707.00
浦东新区,上海市高桥中学,蔡路中学,697.00
浦东新区,上海市川沙中学,蔡路中学,707.00
浦东新区,上海市建平中学,六团中学,705.50
浦东新区,上海市进才中学,六团中学,678.00
浦东新区,上海南汇中学,六团中学,671.50
浦东新区,上海市川沙中学,六团中学,663.00
浦东新区,上海市建平中学,戏剧学附属浦东实验中学,733.00
浦东新区,上海市进才中学,戏剧学附属浦东实验中学,738.50
浦东新区,上海南汇中学,戏剧学附属浦东实验中学,715.50
浦东新区,上海市洋泾中学,戏剧学附属浦东实验中学,679.00
浦东新区,上海市高桥中学,戏剧学附属浦东实验中学,699.50
浦东新区,上海市川沙中学,戏剧学附属浦东实验中学,723.00
浦东新区,上海市建平中学,浦兴中学,740.50
浦东新区,上海市进才中学,浦兴中学,741.50
浦东新区,上海南汇中学,浦兴中学,701.00
浦东新区,上海市洋泾中学,浦兴中学,733.50
浦东新区,上海市高桥中学,浦兴中学,717.00
浦东新区,上海市川沙中学,浦兴中学,731.50
浦东新区,上海市建平中学,浦东新区民办恒洋外国语学校,744.00
浦东新区,上海市进才中学,浦东新区民办恒洋外国语学校,749.00
浦东新区,上海市川沙中学,建平香梅中学,728.50
浦东新区,上海南汇中学,浦东新区民办恒洋外国语学校,703.50
浦东新区,上海市洋泾中学,浦东新区民办恒洋外国语学校,733.00
浦东新区,上海市高桥中学,浦东新区民办恒洋外国语学校,709.50
浦东新区,上海市川沙中学,浦东新区民办恒洋外国语学校,716.50
浦东新区,上海市建平中学,浦东新区民办欣竹中学,751.00
浦东新区,上海市进才中学,浦东新区民办欣竹中学,744.00
浦东新区,上海南汇中学,浦东新区民办欣竹中学,716.50
浦东新区,上海市洋泾中学,浦东新区民办欣竹中学,731.50
浦东新区,上海市高桥中学,浦东新区民办欣竹中学,714.50
浦东新区,上海市川沙中学,浦东新区民办欣竹中学,724.50
浦东新区,上海市建平中学,新云台中学,714.50
浦东新区,上海市进才中学,新云台中学,701.00
浦东新区,上海南汇中学,新云台中学,683.00
浦东新区,上海市洋泾中学,新云台中学,708.50
浦东新区,上海市高桥中学,新云台中学,678.00
浦东新区,上海市川沙中学,新云台中学,708.00
浦东新区,上海市建平中学,陆行中学南校,758.50
浦东新区,上海市进才中学,陆行中学南校,751.00
浦东新区,上海南汇中学,陆行中学南校,713.50
浦东新区,上海市洋泾中学,陆行中学南校,737.00
浦东新区,上海市高桥中学,陆行中学南校,721.50
浦东新区,上海市川沙中学,陆行中学南校,725.50
浦东新区,上海市建平中学,杨思中学,749.00
浦东新区,上海市进才中学,杨思中学,729.00
浦东新区,上海南汇中学,杨思中学,701.50
浦东新区,上海市洋泾中学,杨思中学,719.00
浦东新区,上海市高桥中学,杨思中学,711.00
浦东新区,上海市川沙中学,杨思中学,718.00
浦东新区,上海市建平中学,民办浦东交中初级中学,746.00
浦东新区,上海市进才中学,民办浦东交中初级中学,743.50
浦东新区,上海南汇中学,民办浦东交中初级中学,705.00
浦东新区,上海市洋泾中学,民办浦东交中初级中学,735.00
浦东新区,上海市高桥中学,民办浦东交中初级中学,705.00
浦东新区,上海市川沙中学,民办浦东交中初级中学,723.50
浦东新区,上海市实验学校,民办浦东交中初级中学,755.00
浦东新区,上海市建平中学,建平香梅中学,750.00
浦东新区,上海市进才中学,建平香梅中学,742.50
浦东新区,上海南汇中学,建平香梅中学,707.00
浦东新区,上海市洋泾中学,建平香梅中学,732.50
浦东新区,上海市高桥中学,建平香梅中学,716.00
浦东新区,上海市建平中学,南汇第二中学,749.50
浦东新区,上海市进才中学,南汇第二中学,741.50
浦东新区,上海南汇中学,南汇第二中学,723.50
浦东新区,上海市洋泾中学,南汇第二中学,728.00
浦东新区,上海市高桥中学,南汇第二中学,713.00
浦东新区,上海市川沙中学,南汇第二中学,728.50
浦东新区,上海市建平中学,南汇第三中学,749.00
浦东新区,上海市进才中学,南汇第三中学,731.50
浦东新区,上海南汇中学,南汇第三中学,722.00
浦东新区,上海市洋泾中学,南汇第三中学,714.00
浦东新区,上海市高桥中学,南汇第三中学,716.00
浦东新区,上海市川沙中学,南汇第三中学,735.00
浦东新区,上海市建平中学,新港中学,725.00
浦东新区,上海市进才中学,新港中学,737.50
浦东新区,上海南汇中学,新港中学,684.00
浦东新区,上海市洋泾中学,新港中学,689.50
浦东新区,上海市高桥中学,新港中学,683.00
浦东新区,上海市川沙中学,新港中学,710.50
浦东新区,上海市建平中学,书中学,687.00
浦东新区,上海市进才中学,书中学,704.00
浦东新区,上海南汇中学,书中学,683.50
浦东新区,上海市洋泾中学,书中学,673.50
浦东新区,上海市高桥中学,书中学,680.50
浦东新区,上海市川沙中学,书中学,674.50
浦东新区,上海市建平中学,大团中学,717.50
浦东新区,上海市进才中学,大团中学,707.00
浦东新区,上海南汇中学,大团中学,669.50
浦东新区,上海市洋泾中学,大团中学,683.00
浦东新区,上海市高桥中学,大团中学,685.00
浦东新区,上海南汇中学,秋萍学校,718.00
浦东新区,上海市川沙中学,大团中学,673.50
浦东新区,上海市建平中学,坦直中学,669.00
浦东新区,上海市进才中学,坦直中学,698.50
浦东新区,上海南汇中学,坦直中学,681.50
浦东新区,上海市洋泾中学,坦直中学,699.50
浦东新区,上海市高桥中学,坦直中学,679.50
浦东新区,上海市川沙中学,坦直中学,691.50
浦东新区,上海市建平中学,傅雷中学,743.00
浦东新区,上海市进才中学,傅雷中学,739.50
浦东新区,上海南汇中学,傅雷中学,720.00
浦东新区,上海市洋泾中学,傅雷中学,723.50
浦东新区,上海市高桥中学,傅雷中学,716.00
浦东新区,上海市川沙中学,傅雷中学,731.50
浦东新区,上海市建平中学,澧溪中学,743.50
浦东新区,上海市进才中学,澧溪中学,741.00
浦东新区,上海南汇中学,澧溪中学,717.00
浦东新区,上海市洋泾中学,澧溪中学,724.00
浦东新区,上海市高桥中学,澧溪中学,714.50
浦东新区,上海市川沙中学,澧溪中学,724.50
浦东新区,上海市实验学校,澧溪中学,754.50
浦东新区,上海市建平中学,六灶中学,745.50
浦东新区,上海南汇中学,六灶中学,716.00
浦东新区,上海市洋泾中学,六灶中学,731.50
浦东新区,上海市高桥中学,六灶中学,701.00
浦东新区,上海市川沙中学,六灶中学,707.00
浦东新区,上海市建平中学,浦东发展研究附属中学,740.50
浦东新区,上海市进才中学,浦东发展研究附属中学,717.50
浦东新区,上海南汇中学,浦东发展研究附属中学,675.50
浦东新区,上海市洋泾中学,浦东发展研究附属中学,670.50
浦东新区,上海市高桥中学,浦东发展研究附属中学,682.00
浦东新区,上海市川沙中学,浦东发展研究附属中学,693.50
浦东新区,上海市建平中学,南汇第四中学,746.00
浦东新区,上海市进才中学,南汇第四中学,740.00
浦东新区,上海南汇中学,南汇第四中学,719.00
浦东新区,上海市洋泾中学,南汇第四中学,725.50
浦东新区,上海市高桥中学,南汇第四中学,715.00
浦东新区,上海市川沙中学,南汇第四中学,727.50
浦东新区,上海市建平中学,中学东校,751.00
浦东新区,上海市进才中学,中学东校,742.00
浦东新区,上海南汇中学,中学东校,717.50
浦东新区,上海市洋泾中学,中学东校,722.00
浦东新区,上海市高桥中学,中学东校,709.00
浦东新区,上海市川沙中学,中学东校,718.00
浦东新区,上海市建平中学,浦东模范中学东校,753.50
浦东新区,上海市进才中学,浦东模范中学东校,741.50
浦东新区,上海南汇中学,浦东模范中学东校,715.00
浦东新区,上海市洋泾中学,浦东模范中学东校,726.50
浦东新区,上海市高桥中学,浦东模范中学东校,718.00
浦东新区,上海市川沙中学,浦东模范中学东校,734.50
浦东新区,上海市建平中学,北蔡中学,747.00
浦东新区,上海市进才中学,北蔡中学,746.00
浦东新区,上海南汇中学,北蔡中学,713.50
浦东新区,上海市洋泾中学,北蔡中学,731.00
浦东新区,上海市高桥中学,北蔡中学,711.50
浦东新区,上海市川沙中学,北蔡中学,726.00
浦东新区,上海市建平中学,临港第一中学,733.50
浦东新区,上海市进才中学,临港第一中学,706.00
浦东新区,上海南汇中学,临港第一中学,728.00
浦东新区,上海市洋泾中学,秋萍学校,683.50
浦东新区,上海市洋泾中学,临港第一中学,737.50
浦东新区,上海市高桥中学,临港第一中学,714.00
浦东新区,上海市川沙中学,临港第一中学,729.00
浦东新区,上海市建平中学,民办光华中学,705.00
浦东新区,上海市进才中学,民办光华中学,708.50
浦东新区,上海南汇中学,民办光华中学,668.00
浦东新区,上海市洋泾中学,民办光华中学,659.50
浦东新区,上海市高桥中学,民办光华中学,661.00
浦东新区,上海市川沙中学,民办光华中学,692.00
浦东新区,上海市建平中学,南汇第五中学,720.00
浦东新区,上海市进才中学,南汇第五中学,735.00
浦东新区,上海南汇中学,南汇第五中学,710.00
浦东新区,上海市洋泾中学,南汇第五中学,705.00
浦东新区,上海市高桥中学,南汇第五中学,703.50
浦东新区,上海市川沙中学,南汇第五中学,732.50
浦东新区,上海市实验学校,南汇第五中学,735.00
浦东新区,上海市建平中学,浦东新区进才中学南校,738.50
浦东新区,上海市进才中学,浦东新区进才中学南校,736.50
浦东新区,上海南汇中学,浦东新区进才中学南校,708.00
浦东新区,上海市洋泾中学,浦东新区进才中学南校,715.00
浦东新区,上海市高桥中学,浦东新区进才中学南校,717.00
浦东新区,上海市川沙中学,浦东新区进才中学南校,730.50
浦东新区,上海市建平中学,临港实验中学,731.00
浦东新区,上海市进才中学,临港实验中学,727.50
浦东新区,上海南汇中学,临港实验中学,718.00
浦东新区,上海市洋泾中学,临港实验中学,719.00
浦东新区,上海市高桥中学,临港实验中学,709.50
浦东新区,上海市川沙中学,临港实验中学,722.00
浦东新区,上海市建平中学,浦东新区进才中学东校,734.50
浦东新区,上海市进才中学,浦东新区进才中学东校,743.50
浦东新区,上海南汇中学,浦东新区进才中学东校,719.50
浦东新区,上海市洋泾中学,浦东新区进才中学东校,727.50
浦东新区,上海市高桥中学,浦东新区进才中学东校,713.00
浦东新区,上海市川沙中学,浦东新区进才中学东校,727.50
浦东新区,上海市建平中学,浦东外国语学校东校,743.00
浦东新区,上海市进才中学,浦东外国语学校东校,743.00
浦东新区,上海南汇中学,浦东外国语学校东校,712.50
浦东新区,上海市洋泾中学,浦东外国语学校东校,737.50
浦东新区,上海市高桥中学,浦东外国语学校东校,704.00
浦东新区,上海市川沙中学,浦东外国语学校东校,733.00
浦东新区,上海市建平中学,浦东模范实验中学,751.50
浦东新区,上海市进才中学,浦东模范实验中学,747.00
浦东新区,上海南汇中学,浦东模范实验中学,723.50
浦东新区,上海市洋泾中学,浦东模范实验中学,735.50
浦东新区,上海市高桥中学,浦东模范实验中学,728.50
浦东新区,上海市川沙中学,浦东模范实验中学,714.00
浦东新区,上海市建平中学,浦东新区三灶实验中学,723.00
浦东新区,上海市进才中学,浦东新区三灶实验中学,733.50
浦东新区,上海南汇中学,浦东新区三灶实验中学,715.00
浦东新区,上海市洋泾中学,浦东新区三灶实验中学,713.00
浦东新区,上海市高桥中学,浦东新区三灶实验中学,704.00
浦东新区,上海市川沙中学,浦东新区三灶实验中学,706.50
浦东新区,上海市建平中学,实验学校南校,737.00
浦东新区,上海市进才中学,实验学校南校,732.50
浦东新区,上海南汇中学,实验学校南校,719.00
浦东新区,上海市洋泾中学,实验学校南校,729.00
浦东新区,上海市高桥中学,实验学校南校,710.00
浦东新区,上海市川沙中学,实验学校南校,727.50
浦东新区,上海市建平中学,浦东新区新场实验中学,724.50
浦东新区,上海市进才中学,浦东新区新场实验中学,722.50
浦东新区,上海南汇中学,浦东新区新场实验中学,712.00
浦东新区,上海市洋泾中学,浦东新区新场实验中学,713.50
浦东新区,上海市高桥中学,浦东新区新场实验中学,705.00
浦东新区,上海市川沙中学,浦东新区新场实验中学,710.00
浦东新区,上海市建平中学,浦东新区懿德中学,719.00
浦东新区,上海市进才中学,浦东新区懿德中学,716.00
浦东新区,上海南汇中学,浦东新区懿德中学,712.50
浦东新区,上海市洋泾中学,浦东新区懿德中学,711.50
浦东新区,上海市高桥中学,浦东新区懿德中学,695.50
浦东新区,上海市川沙中学,浦东新区懿德中学,709.50
浦东新区,上海市建平中学,浦东新区建平培德实验中学,749.00
浦东新区,上海市进才中学,浦东新区建平培德实验中学,740.50
浦东新区,上海南汇中学,浦东新区建平培德实验中学,713.00
浦东新区,上海市洋泾中学,浦东新区建平培德实验中学,733.50
浦东新区,上海市高桥中学,浦东新区建平培德实验中学,722.00
浦东新区,上海市川沙中学,浦东新区建平培德实验中学,727.00
浦东新区,上海市建平中学,浦东新区进才森兰实验中学,747.50
浦东新区,上海市进才中学,浦东新区进才森兰实验中学,744.50
浦东新区,上海南汇中学,浦东新区进才森兰实验中学,712.00
浦东新区,上海市洋泾中学,浦东新区进才森兰实验中学,728.00
浦东新区,上海市高桥中学,浦东新区进才森兰实验中学,718.50
浦东新区,上海市川沙中学,浦东新区进才森兰实验中学,723.50
浦东新区,上海市实验学校,浦东新区进才森兰实验中学,753.00
浦东新区,上海市建平中学,浦东新区建平临港中学,724.50
浦东新区,上海市进才中学,浦东新区建平临港中学,729.00
浦东新区,上海南汇中学,浦东新区建平临港中学,705.50
浦东新区,上海市洋泾中学,浦东新区建平临港中学,703.00
浦东新区,上海市高桥中学,浦东新区建平临港中学,703.50
浦东新区,上海市川沙中学,浦东新区建平临港中学,713.00
浦东新区,上海市建平中学,师范大学附属浦东临港中学,734.50
浦东新区,上海市进才中学,师范大学附属浦东临港中学,726.00
浦东新区,上海南汇中学,师范大学附属浦东临港中学,682.00
浦东新区,上海市洋泾中学,师范大学附属浦东临港中学,704.00
浦东新区,上海市高桥中学,师范大学附属浦东临港中学,691.00
浦东新区,上海市川沙中学,师范大学附属浦东临港中学,697.00
浦东新区,上海市建平中学,建平实验地杰中学,752.50
浦东新区,上海市进才中学,建平实验地杰中学,743.50
浦东新区,上海南汇中学,建平实验地杰中学,710.00
浦东新区,上海市洋泾中学,建平实验地杰中学,729.50
浦东新区,上海市高桥中学,建平实验地杰中学,710.50
浦东新区,上海市川沙中学,建平实验地杰中学,726.50
浦东新区,上海市建平中学,建平实验张江中学,752.50
浦东新区,上海市进才中学,建平实验张江中学,744.00
浦东新区,上海南汇中学,建平实验张江中学,715.00
浦东新区,上海市洋泾中学,建平实验张江中学,732.00
浦东新区,上海市高桥中学,建平实验张江中学,720.00
浦东新区,上海市川沙中学,建平实验张江中学,724.00
浦东新区,上海市建平中学,浦东新区建平康梧中学,716.50
浦东新区,上海市进才中学,浦东新区建平康梧中学,723.50
浦东新区,上海南汇中学,浦东新区建平康梧中学,710.00
浦东新区,上海市洋泾中学,浦东新区建平康梧中学,722.00
浦东新区,上海市高桥中学,浦东新区建平康梧中学,716.00
浦东新区,上海市川沙中学,浦东新区建平康梧中学,724.50
浦东新区,上海市建平中学,历城中学,722.50
浦东新区,上海市进才中学,历城中学,719.00
浦东新区,上海南汇中学,历城中学,702.50
浦东新区,上海市洋泾中学,历城中学,708.00
浦东新区,上海市高桥中学,历城中学,693.50
浦东新区,上海市川沙中学,历城中学,698.50
浦东新区,上海市建平中学,竹园中学,750.00
浦东新区,上海市进才中学,竹园中学,734.00
浦东新区,上海南汇中学,竹园中学,709.50
浦东新区,上海市洋泾中学,竹园中学,715.50
浦东新区,上海市高桥中学,竹园中学,722.50
浦东新区,上海市川沙中学,竹园中学,729.50
浦东新区,上海市建平中学,泾南中学,746.50
浦东新区,上海市进才中学,泾南中学,719.50
浦东新区,上海南汇中学,泾南中学,701.00
浦东新区,上海市洋泾中学,泾南中学,737.00
浦东新区,上海市高桥中学,泾南中学,707.00
浦东新区,上海市川沙中学,泾南中学,709.50
浦东新区,上海市建平中学,香山中学,715.00
浦东新区,上海市进才中学,香山中学,712.00
浦东新区,上海南汇中学,香山中学,659.50
浦东新区,上海市洋泾中学,香山中学,703.50
浦东新区,上海市高桥中学,香山中学,671.00
浦东新区,上海市川沙中学,香山中学,661.00
浦东新区,上海市建平中学,沪新中学,660.00
浦东新区,上海市进才中学,沪新中学,698.50
浦东新区,上海南汇中学,沪新中学,690.00
浦东新区,上海市洋泾中学,沪新中学,707.50
浦东新区,上海市高桥中学,沪新中学,716.50
浦东新区,上海市川沙中学,沪新中学,726.50
浦东新区,上海市建平中学,民中学,671.00
浦东新区,上海市进才中学,民中学,750.50
浦东新区,上海南汇中学,民中学,714.00
浦东新区,上海市洋泾中学,民中学,717.00
浦东新区,上海市高桥中学,民中学,717.00
浦东新区,上海市川沙中学,民中学,717.50
浦东新区,上海市建平中学,立信会计金融学附属高行中学,734.50
浦东新区,上海市进才中学,立信会计金融学附属高行中学,725.00
浦东新区,上海南汇中学,立信会计金融学附属高行中学,708.50
浦东新区,上海市洋泾中学,立信会计金融学附属高行中学,721.00
浦东新区,上海市高桥中学,立信会计金融学附属高行中学,720.50
浦东新区,上海市川沙中学,立信会计金融学附属高行中学,719.00
浦东新区,上海市建平中学,第二工业大学附属龚路中学,745.50
浦东新区,上海市进才中学,第二工业大学附属龚路中学,747.50
浦东新区,上海南汇中学,第二工业大学附属龚路中学,713.50
浦东新区,上海市洋泾中学,第二工业大学附属龚路中学,705.50
浦东新区,上海市高桥中学,第二工业大学附属龚路中学,714.00
浦东新区,上海市川沙中学,第二工业大学附属龚路中学,719.00
浦东新区,上海市建平中学,五三中学,740.00
浦东新区,上海市进才中学,五三中学,739.50
浦东新区,上海南汇中学,五三中学,716.00
浦东新区,上海市洋泾中学,五三中学,719.00
浦东新区,上海市川沙中学,五三中学,733.50
浦东新区,上海市建平中学,侨光中学,746.50
浦东新区,上海市进才中学,侨光中学,744.00
浦东新区,上海南汇中学,侨光中学,713.50
浦东新区,上海市洋泾中学,侨光中学,723.50
浦东新区,上海市高桥中学,侨光中学,705.00
浦东新区,上海市川沙中学,侨光中学,734.50
浦东新区,上海市建平中学,江镇中学,728.00
浦东新区,上海市进才中学,江镇中学,730.00
浦东新区,上海南汇中学,江镇中学,714.50
浦东新区,上海市洋泾中学,江镇中学,721.50
浦东新区,上海市高桥中学,江镇中学,705.00
浦东新区,上海市川沙中学,江镇中学,717.50
浦东新区,上海市实验学校,江镇中学,734.00
浦东新区,上海市建平中学,合庆中学,712.00
浦东新区,上海市进才中学,合庆中学,719.00
浦东新区,上海南汇中学,合庆中学,695.00
浦东新区,上海市洋泾中学,合庆中学,700.00
浦东新区,上海市高桥中学,合庆中学,691.50
浦东新区,上海市川沙中学,合庆中学,726.00
浦东新区,上海市建平中学,华东师范大学张江实验中学,736.50
浦东新区,上海市进才中学,华东师范大学张江实验中学,733.00
浦东新区,上海南汇中学,华东师范大学张江实验中学,707.00
浦东新区,上海市洋泾中学,华东师范大学张江实验中学,706.50
浦东新区,上海市高桥中学,华东师范大学张江实验中学,707.00
浦东新区,上海市川沙中学,华东师范大学张江实验中学,718.00
浦东新区,上海市建平中学,三林中学东校,743.50
浦东新区,上海市进才中学,三林中学东校,735.50
浦东新区,上海南汇中学,三林中学东校,686.00
浦东新区,上海市洋泾中学,三林中学东校,712.00
浦东新区,上海市高桥中学,三林中学东校,693.00
浦东新区,上海市川沙中学,三林中学东校,715.00
浦东新区,上海市建平中学,浦东新区民办正达外国语学校,747.50
浦东新区,上海市进才中学,浦东新区民办正达外国语学校,743.50
浦东新区,上海南汇中学,浦东新区民办正达外国语学校,706.00
浦东新区,上海市洋泾中学,浦东新区民办正达外国语学校,741.00
浦东新区,上海市高桥中学,浦东新区民办正达外国语学校,719.50
浦东新区,上海市川沙中学,浦东新区民办正达外国语学校,716.50
浦东新区,上海市建平中学,高东中学,716.50
浦东新区,上海市进才中学,高东中学,728.50
浦东新区,上海南汇中学,高东中学,691.50
浦东新区,上海市洋泾中学,高东中学,721.00
浦东新区,上海市高桥中学,高东中学,694.50
浦东新区,上海市川沙中学,高东中学,703.50
浦东新区,上海市建平中学,南汇第一中学,729.50
浦东新区,上海市进才中学,南汇第一中学,726.50
浦东新区,上海南汇中学,南汇第一中学,717.00
浦东新区,上海市洋泾中学,南汇第一中学,715.00
浦东新区,上海市高桥中学,南汇第一中学,715.00
浦东新区,上海市川沙中学,南汇第一中学,723.00
浦东新区,上海市建平中学,老港中学,710.50
浦东新区,上海市进才中学,老港中学,712.50
浦东新区,上海南汇中学,老港中学,674.50
浦东新区,上海市洋泾中学,老港中学,711.00
浦东新区,上海市高桥中学,老港中学,684.50
浦东新区,上海市川沙中学,老港中学,712.00
浦东新区,上海市建平中学,泥城中学,744.00
浦东新区,上海市进才中学,泥城中学,718.00
浦东新区,上海市洋泾中学,泥城中学,676.50
浦东新区,上海市高桥中学,泥城中学,662.50
浦东新区,上海市川沙中学,泥城中学,703.00
浦东新区,上海市建平中学,长岛中学,738.50
浦东新区,上海市进才中学,长岛中学,724.50
浦东新区,上海南汇中学,长岛中学,707.00
浦东新区,上海市洋泾中学,长岛中学,730.00
浦东新区,上海市高桥中学,长岛中学,721.00
浦东新区,上海市川沙中学,长岛中学,720.00
浦东新区,上海市建平中学,立信会计金融学附属学校,745.00
浦东新区,上海市进才中学,立信会计金融学附属学校,732.50
浦东新区,上海南汇中学,立信会计金融学附属学校,709.00
浦东新区,上海市洋泾中学,立信会计金融学附属学校,727.00
浦东新区,上海市高桥中学,立信会计金融学附属学校,720.50
浦东新区,上海市川沙中学,立信会计金融学附属学校,722.50
浦东新区,上海市建平中学,绿川学校,728.00
浦东新区,上海市进才中学,绿川学校,721.00
浦东新区,上海南汇中学,绿川学校,729.50
浦东新区,上海市洋泾中学,绿川学校,723.50
浦东新区,上海市高桥中学,绿川学校,700.50
浦东新区,上海市川沙中学,绿川学校,718.50
浦东新区,上海市建平中学,洋泾菊园实验学校,746.00
浦东新区,上海市进才中学,洋泾菊园实验学校,744.00
浦东新区,上海南汇中学,洋泾菊园实验学校,712.00
浦东新区,上海市洋泾中学,洋泾菊园实验学校,733.50
浦东新区,上海市高桥中学,洋泾菊园实验学校,709.50
浦东新区,上海市川沙中学,洋泾菊园实验学校,722.50
浦东新区,上海市建平中学,民办平和学校,744.50
浦东新区,上海市进才中学,民办平和学校,741.00
浦东新区,上海南汇中学,民办平和学校,714.00
浦东新区,上海市洋泾中学,民办平和学校,725.00
浦东新区,上海市高桥中学,民办平和学校,686.00
浦东新区,上海市川沙中学,民办平和学校,728.50
浦东新区,上海市实验学校,民办平和学校,735.00
浦东新区,上海市建平中学,川沙中学南校,750.50
浦东新区,上海市进才中学,川沙中学南校,740.00
浦东新区,上海南汇中学,川沙中学南校,719.50
浦东新区,上海市洋泾中学,川沙中学南校,728.50
浦东新区,上海市高桥中学,川沙中学南校,714.00
浦东新区,上海市川沙中学,川沙中学南校,735.50
浦东新区,上海市建平中学,建平实验中学,751.50
浦东新区,上海市进才中学,建平实验中学,741.00
浦东新区,上海南汇中学,建平实验中学,713.00
浦东新区,上海市洋泾中学,建平实验中学,732.50
浦东新区,上海市高桥中学,建平实验中学,717.50
浦东新区,上海市川沙中学,建平实验中学,725.50
浦东新区,上海市建平中学,民办金苹果学校,751.00
浦东新区,上海市进才中学,民办金苹果学校,747.50
浦东新区,上海南汇中学,民办金苹果学校,710.50
浦东新区,上海市洋泾中学,民办金苹果学校,724.50
浦东新区,上海市高桥中学,民办金苹果学校,717.00
浦东新区,上海市川沙中学,民办金苹果学校,724.00
浦东新区,上海市建平中学,民办启能东方外国语学校,738.00
浦东新区,上海市进才中学,民办启能东方外国语学校,731.00
浦东新区,上海南汇中学,民办启能东方外国语学校,709.50
浦东新区,上海市洋泾中学,民办启能东方外国语学校,709.50
浦东新区,上海市高桥中学,民办启能东方外国语学校,709.50
浦东新区,上海市川沙中学,民办启能东方外国语学校,710.00
浦东新区,上海市建平中学,民办中芯学校,738.00
浦东新区,上海市进才中学,民办中芯学校,746.00
浦东新区,上海南汇中学,民办中芯学校,721.00
浦东新区,上海市洋泾中学,民办中芯学校,725.50
浦东新区,上海市高桥中学,民办中芯学校,723.00
浦东新区,上海市川沙中学,民办中芯学校,711.50
浦东新区,上海市建平中学,进才实验中学,754.00
浦东新区,上海市进才中学,进才实验中学,742.00
浦东新区,上海南汇中学,进才实验中学,710.00
浦东新区,上海市洋泾中学,进才实验中学,728.50
浦东新区,上海市高桥中学,进才实验中学,718.00
浦东新区,上海市川沙中学,进才实验中学,720.50
浦东新区,上海市建平中学,实验学校东校,751.50
浦东新区,上海市进才中学,实验学校东校,733.50
浦东新区,上海南汇中学,实验学校东校,708.50
浦东新区,上海市洋泾中学,实验学校东校,726.50
浦东新区,上海市高桥中学,实验学校东校,711.50
浦东新区,上海市川沙中学,实验学校东校,727.00
浦东新区,上海市建平中学,张江集团中学,748.00
浦东新区,上海市进才中学,张江集团中学,741.50
浦东新区,上海南汇中学,张江集团中学,707.50
浦东新区,上海市洋泾中学,张江集团中学,731.00
浦东新区,上海市高桥中学,张江集团中学,718.00
浦东新区,上海市川沙中学,张江集团中学,724.50
浦东新区,上海市建平中学,浦东新区民办协和双语学校,721.50
浦东新区,上海市进才中学,浦东新区民办协和双语学校,730.00
浦东新区,上海南汇中学,浦东新区民办协和双语学校,698.00
浦东新区,上海市洋泾中学,浦东新区民办协和双语学校,696.00
浦东新区,上海市高桥中学,浦东新区民办协和双语学校,677.50
浦东新区,上海市川沙中学,浦东新区民办协和双语学校,723.50
浦东新区,上海市建平中学,浦东新区建平南汇实验学校,708.00
浦东新区,上海市进才中学,浦东新区建平南汇实验学校,726.50
浦东新区,上海南汇中学,浦东新区建平南汇实验学校,725.00
浦东新区,上海市洋泾中学,浦东新区建平南汇实验学校,708.50
浦东新区,上海市高桥中学,浦东新区建平南汇实验学校,707.00
浦东新区,上海市川沙中学,浦东新区建平南汇实验学校,726.00
浦东新区,上海市建平中学,三灶学校,725.50
浦东新区,上海市进才中学,三灶学校,702.50
浦东新区,上海南汇中学,三灶学校,705.00
浦东新区,上海市洋泾中学,三灶学校,716.00
浦东新区,上海市高桥中学,三灶学校,685.50
浦东新区,上海市川沙中学,三灶学校,714.00
浦东新区,上海市进才中学,黄路学校,702.00
浦东新区,上海南汇中学,黄路学校,702.50
浦东新区,上海市洋泾中学,黄路学校,698.50
浦东新区,上海市高桥中学,黄路学校,709.50
浦东新区,上海市川沙中学,黄路学校,702.50
浦东新区,上海市建平中学,浦东新区彭镇中学,725.00
浦东新区,上海市进才中学,浦东新区彭镇中学,717.00
浦东新区,上海南汇中学,浦东新区彭镇中学,706.00
浦东新区,上海市洋泾中学,浦东新区彭镇中学,700.00
浦东新区,上海市高桥中学,浦东新区彭镇中学,689.00
浦东新区,上海市川沙中学,浦东新区彭镇中学,710.00
浦东新区,上海市建平中学,秋萍学校,695.00
浦东新区,上海市进才中学,秋萍学校,694.50
浦东新区,上海市高桥中学,秋萍学校,675.50
浦东新区,上海市川沙中学,秋萍学校,684.00
浦东新区,上海市建平中学,三墩学校,718.50
浦东新区,上海南汇中学,三墩学校,657.00
浦东新区,上海市建平中学,浦东新区进才万祥学校,720.50
浦东新区,上海市进才中学,浦东新区进才万祥学校,684.00
浦东新区,上海南汇中学,浦东新区进才万祥学校,685.00
浦东新区,上海市洋泾中学,浦东新区进才万祥学校,689.00
浦东新区,上海市高桥中学,浦东新区进才万祥学校,684.50
浦东新区,上海市川沙中学,浦东新区进才万祥学校,692.50
浦东新区,上海市实验学校,浦东新区进才万祥学校,749.00
浦东新区,上海市建平中学,宣桥学校,734.50
浦东新区,上海市进才中学,宣桥学校,728.00
浦东新区,上海南汇中学,宣桥学校,722.50
浦东新区,上海市洋泾中学,宣桥学校,729.00
浦东新区,上海市高桥中学,宣桥学校,708.00
浦东新区,上海市川沙中学,宣桥学校,737.50
浦东新区,上海市建平中学,航头学校,740.00
浦东新区,上海市进才中学,航头学校,732.50
浦东新区,上海南汇中学,航头学校,719.00
浦东新区,上海市洋泾中学,航头学校,726.50
浦东新区,上海市高桥中学,航头学校,715.00
浦东新区,上海市川沙中学,航头学校,724.00
浦东新区,上海市建平中学,周浦才学校,706.50
浦东新区,上海市进才中学,周浦才学校,701.00
浦东新区,上海南汇中学,周浦才学校,706.00
浦东新区,上海市洋泾中学,周浦才学校,694.00
浦东新区,上海市高桥中学,周浦才学校,681.00
浦东新区,上海市川沙中学,周浦才学校,678.00
浦东新区,上海市建平中学,实验学校附属光明学校,736.00
浦东新区,上海市进才中学,实验学校附属光明学校,727.50
浦东新区,上海南汇中学,实验学校附属光明学校,714.00
浦东新区,上海市洋泾中学,实验学校附属光明学校,702.50
浦东新区,上海市高桥中学,实验学校附属光明学校,710.50
浦东新区,上海市川沙中学,实验学校附属光明学校,718.00
浦东新区,上海市建平中学,东学校,718.00
浦东新区,上海市进才中学,东学校,695.00
浦东新区,上海南汇中学,东学校,697.50
浦东新区,上海市洋泾中学,东学校,699.00
浦东新区,上海市川沙中学,东学校,682.50
浦东新区,上海市建平中学,康城学校,726.00
浦东新区,上海市进才中学,康城学校,737.00
浦东新区,上海南汇中学,康城学校,713.00
浦东新区,上海市洋泾中学,康城学校,720.00
浦东新区,上海市高桥中学,康城学校,712.00
浦东新区,上海市川沙中学,康城学校,729.50
浦东新区,上海市建平中学,中医药大学附属浦东鹤沙学校,726.50
浦东新区,上海市进才中学,中医药大学附属浦东鹤沙学校,728.50
浦东新区,上海南汇中学,中医药大学附属浦东鹤沙学校,689.00
浦东新区,上海市洋泾中学,中医药大学附属浦东鹤沙学校,702.50
浦东新区,上海市高桥中学,中医药大学附属浦东鹤沙学校,687.50
浦东新区,上海市川沙中学,中医药大学附属浦东鹤沙学校,697.00
浦东新区,上海市实验学校,中医药大学附属浦东鹤沙学校,697.00
浦东新区,上海市建平中学,浦东新区民办东鼎外国语学校,704.50
浦东新区,上海市建平中学,民办尚德实验学校,749.00
浦东新区,上海市进才中学,民办尚德实验学校,746.00
浦东新区,上海南汇中学,民办尚德实验学校,714.00
浦东新区,上海市洋泾中学,民办尚德实验学校,731.00
浦东新区,上海市高桥中学,民办尚德实验学校,717.50
浦东新区,上海市川沙中学,民办尚德实验学校,729.00
浦东新区,上海市建平中学,浦东新区民办远翔实验学校,746.00
浦东新区,上海市进才中学,浦东新区民办远翔实验学校,745.50
浦东新区,上海南汇中学,浦东新区民办远翔实验学校,715.00
浦东新区,上海市洋泾中学,浦东新区民办远翔实验学校,736.00
浦东新区,上海市高桥中学,浦东新区民办远翔实验学校,712.50
浦东新区,上海市川沙中学,浦东新区民办远翔实验学校,724.50
浦东新区,上海市建平中学,浦东新区民办进德外国语中学,745.50
浦东新区,上海市进才中学,浦东新区民办进德外国语中学,749.50
浦东新区,上海南汇中学,浦东新区民办进德外国语中学,720.00
浦东新区,上海市洋泾中学,浦东新区民办进德外国语中学,741.00
浦东新区,上海市高桥中学,浦东新区民办进德外国语中学,716.50
浦东新区,上海市川沙中学,浦东新区民办进德外国语中学,731.00
浦东新区,上海市建平中学,周浦实验学校,737.00
浦东新区,上海市进才中学,周浦实验学校,727.50
浦东新区,上海南汇中学,周浦实验学校,710.50
浦东新区,上海市洋泾中学,周浦实验学校,722.50
浦东新区,上海市高桥中学,周浦实验学校,709.50
浦东新区,上海市川沙中学,周浦实验学校,723.50
浦东新区,上海市建平中学,浦东新区民办更新学校,715.50
浦东新区,上海市进才中学,浦东新区民办更新学校,703.50
浦东新区,上海市洋泾中学,浦东新区民办更新学校,699.50
浦东新区,上海市建平中学,民办华曜浦东实验学校,746.50
浦东新区,上海市进才中学,民办华曜浦东实验学校,739.00
浦东新区,上海南汇中学,民办华曜浦东实验学校,708.50
浦东新区,上海市洋泾中学,民办华曜浦东实验学校,725.50
浦东新区,上海市高桥中学,民办华曜浦东实验学校,713.50
浦东新区,上海市川沙中学,民办华曜浦东实验学校,728.00
浦东新区,上海市建平中学,华东师范大学第二附属中学前滩学校,749.00
浦东新区,上海市进才中学,华东师范大学第二附属中学前滩学校,738.50
浦东新区,上海南汇中学,华东师范大学第二附属中学前滩学校,700.50
浦东新区,上海市洋泾中学,华东师范大学第二附属中学前滩学校,733.00
浦东新区,上海市高桥中学,华东师范大学第二附属中学前滩学校,710.50
浦东新区,上海市川沙中学,华东师范大学第二附属中学前滩学校,720.50
浦东新区,上海市建平中学,浦东新区民办宏文学校,738.00
浦东新区,上海市进才中学,浦东新区民办宏文学校,725.00
浦东新区,上海南汇中学,浦东新区民办宏文学校,661.00
浦东新区,上海市洋泾中学,浦东新区民办宏文学校,702.50
浦东新区,上海市高桥中学,浦东新区民办宏文学校,692.50
浦东新区,上海市川沙中学,浦东新区民办宏文学校,670.00
浦东新区,上海市建平中学,科技大学附属学校,750.50
浦东新区,上海市进才中学,科技大学附属学校,745.50
浦东新区,上海南汇中学,科技大学附属学校,715.50
浦东新区,上海市洋泾中学,科技大学附属学校,734.00
浦东新区,上海市高桥中学,科技大学附属学校,715.00
浦东新区,上海市川沙中学,科技大学附属学校,732.50
浦东新区,上海市建平中学,浦东民办未来科技学校,750.00
浦东新区,上海市进才中学,浦东民办未来科技学校,741.50
浦东新区,上海南汇中学,浦东民办未来科技学校,723.00
浦东新区,上海市洋泾中学,浦东民办未来科技学校,723.50
浦东新区,上海市高桥中学,浦东民办未来科技学校,719.50
浦东新区,上海市川沙中学,浦东民办未来科技学校,721.00
浦东新区,上海南汇中学,浦东新区东城学校,681.50
金山区,上海市金山中学,罗星中学,731.50
金山区,上海市金山中学,松隐中学,683.50
金山区,上海市金山中学,亭新中学,717.00
金山区,上海市金山中学,漕泾中学,684.50
金山区,上海市金山中学,山阳中学,694.50
金山区,上海市金山中学,张堰第二中学,710.00
金山区,上海市金山中学,廊下中学,686.50
金山区,上海市金山中学,蒙山中学,727.00
金山区,上海市金山中学,金山区学附属中学,714.00
金山区,上海市金山中学,金山初级中学,722.50
金山区,上海市金山中学,西林中学,730.00
金山区,上海市金山中学,朱行中学,734.00
金山区,上海市金山中学,金山区健桥实验中学,723.50
金山区,上海市金山中学,金山区青少年业余体学校,684.00
金山区,上海市金山中学,同凯中学,722.00
金山区,上海市金山中学,金山实验中学,727.00
金山区,上海市金山中学,师范大学附属金山前京中学,726.50
金山区,上海市金山中学,华东师范大学附属枫泾中学,703.00
金山区,上海市金山中学,金卫中学,700.50
金山区,上海市金山中学,民办永昌中学,693.50
金山区,上海市金山中学,干巷学校,726.00
金山区,上海市金山中学,新农学校,700.50
金山区,上海市金山中学,民办金盟学校,722.00
金山区,上海市金山中学,金山杭州湾双语学校,713.50
金山区,上海市金山中学,金山区世外学校,721.50
金山区,上海市金山中学,金山区吕巷学校,682.00
金山区,上海市金山中学,金山区钱圩学校,673.50
松江区,上海市松江二中,松江区第七中学,741.50
松江区,上海市松江一中,松江区第七中学,722.50
松江区,上海市松江二中,对外经贸大学附属松江实验学校花园分校,743.50
松江区,上海市松江一中,对外经贸大学附属松江实验学校花园分校,724.00
松江区,上海市松江二中,松江区第五中学,745.00
松江区,上海市松江一中,松江区第五中学,717.00
松江区,上海市松江二中,松江四中初级中学,736.50
松江区,上海市松江一中,松江四中初级中学,710.50
松江区,上海市松江二中,松江区九亭中学,743.00
松江区,上海市松江一中,松江区九亭中学,720.50
松江区,上海市松江二中,松江区第六中学,741.00
松江区,上海市松江一中,松江区第六中学,722.00
松江区,上海市松江二中,松江区九亭第二中学,740.00
松江区,上海市松江一中,松江区九亭第二中学,713.00
松江区,上海市松江二中,外国语大学附属外国语学校松江云间中学,737.00
松江区,上海市松江一中,外国语大学附属外国语学校松江云间中学,713.00
松江区,上海市松江二中,松江区新桥中学,731.00
松江区,上海市松江二中,松江区民办茸一中学,739.50
松江区,上海市松江一中,松江区民办茸一中学,715.50
松江区,上海市松江二中,松江九峰实验学校,742.50
松江区,上海市松江一中,松江九峰实验学校,721.50
松江区,上海市松江二中,领科双语学校,735.50
松江区,上海市松江一中,领科双语学校,719.50
松江区,上海市松江二中,松江区洞泾学校,722.00
松江区,上海市松江一中,松江区洞泾学校,717.00
松江区,上海市松江二中,松江区李塔汇学校,733.00
松江区,上海市松江一中,松江区李塔汇学校,724.50
松江区,上海市松江二中,松江区古松学校,693.00
松江区,上海市松江一中,三新学校,719.50
松江区,上海市松江二中,松江区泖港学校,727.00
松江区,上海市松江一中,松江区泖港学校,696.00
松江区,上海市松江二中,松江区民乐学校,745.00
松江区,上海市松江一中,松江区民乐学校,720.00
松江区,上海市松江二中,松江区泗泾实验学校,744.00
松江区,上海市松江一中,松江区泗泾实验学校,723.50
松江区,上海市松江二中,松江区佘山外国语实验学校,735.00
松江区,上海市松江一中,松江区佘山外国语实验学校,709.00
松江区,上海市松江二中,松江区五厍学校,754.00
松江区,上海市松江一中,松江区五厍学校,684.00
松江区,上海市松江二中,东华大学附属实验学校松江小昆山分校,728.50
松江区,上海市松江一中,东华大学附属实验学校松江小昆山分校,723.00
松江区,上海市松江二中,松江区仓桥学校,738.50
松江区,上海市松江一中,松江区仓桥学校,722.50
松江区,上海市松江二中,松江区佘山学校,728.00
松江区,上海市松江一中,松江区佘山学校,696.50
松江区,上海市松江二中,三新学校,742.00
松江区,上海市松江二中,世外附属松江区车墩学校,738.00
松江区,上海市松江一中,世外附属松江区车墩学校,716.50
松江区,上海市松江二中,松江区张泽学校,720.00
松江区,上海市松江一中,松江区张泽学校,693.00
松江区,上海市松江二中,松江区天马山学校,749.50
松江区,上海市松江一中,松江区天马山学校,700.50
松江区,上海市松江二中,戏剧学附属松江实验学校,656.00
松江区,上海市松江一中,戏剧学附属松江实验学校,698.50
松江区,上海市松江二中,西外外国语学校,744.50
松江区,上海市松江一中,西外外国语学校,714.50
松江区,上海市松江二中,松江区叶榭学校,712.00
松江区,上海市松江一中,松江区叶榭学校,709.50
松江区,上海市松江二中,外国语大学松江外国语学校,740.50
松江区,上海市松江一中,外国语大学松江外国语学校,719.50
松江区,上海市松江二中,松江区新浜学校,719.50
松江区,上海市松江一中,松江区新浜学校,664.00
松江区,上海市松江二中,东华大学附属实验学校,744.00
松江区,上海市松江一中,东华大学附属实验学校,722.50
松江区,上海市松江二中,赫贤学校,713.50
松江区,上海市松江一中,赫贤学校,671.50
松江区,上海市松江二中,华东政法大学附属松江实验学校,741.50
松江区,上海市松江一中,华东政法大学附属松江实验学校,716.00
松江区,上海市松江二中,松江区新闵学校,744.00
松江区,上海市松江一中,松江区新闵学校,713.50
松江区,上海市松江二中,师范大学附属松江实验学校,741.00
松江区,上海市松江一中,师范大学附属松江实验学校,720.00
松江区,上海市松江二中,工程技术大学附属松江泗泾实验学校,745.00
松江区,上海市松江一中,工程技术大学附属松江泗泾实验学校,721.00
松江区,上海市松江二中,三新学校松江思贤分校,747.00
松江区,上海市松江一中,三新学校松江思贤分校,711.00
松江区,上海市松江二中,三新学校松江东部分校,743.50
松江区,上海市松江一中,三新学校松江东部分校,724.50
青浦区,上海市朱家角中学,青浦区实验中学,689.00
青浦区,上海市朱家角中学,青浦区东方中学,693.00
青浦区,上海市朱家角中学,青浦区尚美中学,684.00
青浦区,上海市朱家角中学,青浦区徐泾中学,687.00
青浦区,上海市朱家角中学,青浦区凤溪中学,703.00
青浦区,上海市朱家角中学,青浦区重固中学,676.00
青浦区,上海市朱家角中学,青浦区豫才中学,690.00
青浦区,上海市朱家角中学,青浦区华新中学,695.50
青浦区,上海市朱家角中学,青浦区白鹤中学,688.50
青浦区,上海市朱家角中学,青浦区珠溪中学,692.50
青浦区,上海市朱家角中学,青浦区沈巷中学,679.50
青浦区,上海市朱家角中学,青浦区颜安中学,686.50
青浦区,上海市朱家角中学,青浦区金泽中学,668.00
青浦区,上海市朱家角中学,政法学附属青浦崧淀中学,676.00
青浦区,上海市朱家角中学,学会青浦清河湾中学,688.00
青浦区,上海市朱家角中学,青浦区学附属中学,697.00
青浦区,上海市朱家角中学,青浦区第一中学,696.00
青浦区,上海市朱家角中学,青浦区崧泽学校,701.00
青浦区,上海市朱家角中学,博文学校,675.00
青浦区,上海市朱家角中学,青浦区少年业余体学校,719.00
青浦区,上海市朱家角中学,毓秀学校,690.50
青浦区,上海市朱家角中学,宋庆龄学校,660.00
青浦区,上海市朱家角中学,五浦汇实验学校,694.50
青浦区,上海市朱家角中学,青浦区世外学校,678.50
青浦区,上海市朱家角中学,青浦平和双语学校,656.00
青浦区,上海市朱家角中学,青浦区协和双语学校,666.50
青浦区,上海市朱家角中学,青浦兰生学校,692.00
奉贤区,上海市奉贤中学,奉贤区青少年业余体学校,691.00
奉贤区,上海市奉贤中学,奉贤区古华中学,719.00
奉贤区,上海市奉贤中学,奉贤区实验中学,738.00
奉贤区,上海市奉贤中学,奉贤中学附属南桥中学,720.50
奉贤区,上海市奉贤中学,奉贤区汇贤中学,742.00
奉贤区,上海市奉贤中学,奉贤区塘外中学,697.50
奉贤区,上海市奉贤中学,奉贤区青村中学,696.00
奉贤区,上海市奉贤中学,奉贤区奉城第二中学,718.50
奉贤区,上海市奉贤中学,奉贤区头桥中学,682.00
奉贤区,上海市奉贤中学,奉贤区洪庙中学,671.00
奉贤区,上海市奉贤中学,奉贤区四团中学,700.00
奉贤区,上海市奉贤中学,奉贤区青溪中学,740.00
奉贤区,上海市奉贤中学,奉贤区尚同中学,719.50
奉贤区,上海市奉贤中学,外国语大学附属奉贤实验中学,735.00
奉贤区,上海市奉贤中学,奉贤区崇实中学,743.50
奉贤区,上海市奉贤中学,奉贤区待问中学,716.00
奉贤区,上海市奉贤中学,奉贤中学附属初级中学,742.00
奉贤区,上海市奉贤中学,奉贤区肖塘中学,710.00
奉贤区,上海市奉贤中学,奉贤区秀中学,737.50
奉贤区,上海市奉贤中学,奉贤区华亭学校,727.50
奉贤区,上海市奉贤中学,奉贤区西渡学校,716.00
奉贤区,上海市奉贤中学,奉贤区新寺学校,672.00
奉贤区,上海市奉贤中学,奉贤区世外学校,715.00
奉贤区,上海市奉贤中学,奉贤区胡桥学校,705.00
奉贤区,上海市奉贤中学,奉贤区柘林学校,724.50
奉贤区,上海市奉贤中学,奉贤区阳光外国语学校,728.00
奉贤区,上海市奉贤中学,奉贤区庄行学校,724.00
奉贤区,上海市奉贤中学,奉贤区邬桥学校,682.50
奉贤区,上海市奉贤中学,奉贤区齐贤学校,718.50
奉贤区,上海市奉贤中学,奉贤区泰日学校,715.50
奉贤区,上海市奉贤中学,奉贤中学附属三官堂学校,739.50
奉贤区,上海市奉贤中学,奉贤区钱桥学校,715.50
奉贤区,上海市奉贤中学,奉贤区平安学校,709.50
奉贤区,上海市奉贤中学,奉贤区邵厂学校,677.00
奉贤区,上海市奉贤中学,奉贤区弘文学校,744.50
奉贤区,上海市奉贤中学,奉贤区星火学校,710.50
奉贤区,上海市奉贤中学,奉贤区蓝湾五四学校,663.50
奉贤区,上海市奉贤中学,奉贤区肇文学校,702.50
奉贤区,上海市奉贤中学,奉贤区奉浦中学,716.50
奉贤区,上海市奉贤中学,大学附属奉贤实验学校,706.00
奉贤区,上海市奉贤中学,奉贤区世外附属临港外国语学校,709.50
奉贤区,上海市奉贤中学,柘林学校师大附中学点,721.50
崇明区,上海市崇明中学,崇明区三星中学,671.50
崇明区,上海市崇明中学,崇明区建设中学,704.50
崇明区,上海市崇明中学,崇明区合兴中学,686.00
崇明区,上海市崇明中学,崇明区向化中学,681.00
崇明区,上海市崇明中学,崇明区崇东中学,667.00
崇明区,上海市崇明中学,崇明区裕安中学,688.50
崇明区,上海市崇明中学,崇明区实验中学,690.00
崇明区,上海市崇明中学,崇明中学附属东门中学,694.50
崇明区,上海市崇明中学,崇明区长兴中学,689.50
崇明区,上海市崇明中学,崇明区长明中学,684.50
崇明区,上海市崇明中学,师范大学附属崇明正大中学,679.00
崇明区,上海市崇明中学,向明初级中学附属崇明区江帆中学,701.50
崇明区,上海市崇明中学,崇明区庙镇学校,670.50
崇明区,上海市崇明中学,崇明区大新中学,674.50
崇明区,上海市崇明中学,崇明区三烈中学,680.00
崇明区,上海市崇明中学,崇明区大公中学,681.00
崇明区,上海市崇明中学,民办民一中学,710.00
崇明区,上海市崇明中学,崇明区横沙中学,665.50
崇明区,上海市崇明中学,新纪元双语学校,655.00
崇明区,上海市崇明中学,实验学校附属东滩学校,673.50
